r,t,f,y,ProductionByTechnologyAnnual
RE1,DEMCOMHEBIO,COMHEL,2015,0.131
RE1,DEMCOMHEBIO,COMHEL,2016,0.138
RE1,DEMCOMHEBIO,COMHEL,2017,0.1454
RE1,DEMCOMHEBIO,COMHEL,2018,0.1532
RE1,DEMCOMHEBIO,COMHEL,2019,0.1614
RE1,DEMCOMHEBIO,COMHEL,2020,0.17
RE1,DEMCOMHEBIO,COMHEL,2021,0.1765
RE1,DEMCOMHEBIO,COMHEL,2022,0.1833
RE1,DEMCOMHEBIO,COMHEL,2023,0.1902
RE1,DEMCOMHEBIO,COMHEL,2024,0.1973
RE1,DEMCOMHEBIO,COMHEL,2025,0.2047
RE1,DEMCOMHEBIO,COMHEL,2026,0.2121
RE1,DEMCOMHEBIO,COMHEL,2027,0.2197
RE1,DEMCOMHEBIO,COMHEL,2028,0.2276
RE1,DEMCOMHEBIO,COMHEL,2029,0.2358
RE1,DEMCOMHEBIO,COMHEL,2030,0.2442
RE1,DEMCOMHEBIO,COMHEL,2031,0.248
RE1,DEMCOMHEBIO,COMHEL,2032,0.2521
RE1,DEMCOMHEBIO,COMHEL,2033,0.2566
RE1,DEMCOMHEBIO,COMHEL,2034,0.2615
RE1,DEMCOMHEBIO,COMHEL,2035,0.2788
RE1,DEMCOMHEBIO,COMHEL,2036,0.2883
RE1,DEMCOMHEBIO,COMHEL,2037,0.298
RE1,DEMCOMHEBIO,COMHEL,2038,0.3081
RE1,DEMCOMHEBIO,COMHEL,2039,0.3184
RE1,DEMCOMHEBIO,COMHEL,2040,0.329
RE1,DEMCOMHEBIO,COMHEL,2041,0.3375
RE1,DEMCOMHEBIO,COMHEL,2042,0.3462
RE1,DEMCOMHEBIO,COMHEL,2043,0.355
RE1,DEMCOMHEBIO,COMHEL,2044,0.3641
RE1,DEMCOMHEBIO,COMHEL,2045,0.3733
RE1,DEMCOMHEBIO,COMHEL,2046,0.3811
RE1,DEMCOMHEBIO,COMHEL,2047,0.3891
RE1,DEMCOMHEBIO,COMHEL,2048,0.3974
RE1,DEMCOMHEBIO,COMHEL,2049,0.4059
RE1,DEMCOMHEBIO,COMHEL,2050,0.4147
RE1,DEMCOMHEBIO,COMHEL,2051,0.4215
RE1,DEMCOMHEBIO,COMHEL,2052,0.4284
RE1,DEMCOMHEBIO,COMHEL,2053,0.4355
RE1,DEMCOMHEBIO,COMHEL,2054,0.4426
RE1,DEMCOMHEBIO,COMHEL,2055,0.4499
RE1,DEMCOMHEBIO,COMHEL,2056,0.4573
RE1,DEMCOMHEBIO,COMHEL,2057,0.4648
RE1,DEMCOMHEBIO,COMHEL,2058,0.4725
RE1,DEMCOMHEBIO,COMHEL,2059,0.4802
RE1,DEMCOMHEBIO,COMHEL,2060,0.4881
RE1,DEMCOMHEBIO,COMHEL,2061,0.4945
RE1,DEMCOMHEBIO,COMHEL,2062,0.501
RE1,DEMCOMHEBIO,COMHEL,2063,0.5075
RE1,DEMCOMHEBIO,COMHEL,2064,0.5141
RE1,DEMCOMHEBIO,COMHEL,2065,0.5208
RE1,DEMCOMHEBIO,COMHEL,2066,0.5276
RE1,DEMCOMHEBIO,COMHEL,2067,0.5345
RE1,DEMCOMHEBIO,COMHEL,2068,0.5415
RE1,DEMCOMHEBIO,COMHEL,2069,0.5486
RE1,DEMCOMHEBIO,COMHEL,2070,0.5558
RE1,DEMINDELC,INDELC,2015,13.6152
RE1,DEMINDELC,INDELC,2016,13.9486
RE1,DEMINDELC,INDELC,2017,14.2902
RE1,DEMINDELC,INDELC,2018,14.6401
RE1,DEMINDELC,INDELC,2019,14.9986
RE1,DEMINDELC,INDELC,2020,15.3659
RE1,DEMINDELC,INDELC,2021,16.5035
RE1,DEMINDELC,INDELC,2022,17.7204
RE1,DEMINDELC,INDELC,2023,19.0222
RE1,DEMINDELC,INDELC,2024,20.4152
RE1,DEMINDELC,INDELC,2025,21.9056
RE1,DEMINDELC,INDELC,2026,23.4771
RE1,DEMINDELC,INDELC,2027,25.1581
RE1,DEMINDELC,INDELC,2028,26.9565
RE1,DEMINDELC,INDELC,2029,28.8807
RE1,DEMINDELC,INDELC,2030,30.9395
RE1,DEMINDELC,INDELC,2031,32.8209
RE1,DEMINDELC,INDELC,2032,34.8632
RE1,DEMINDELC,INDELC,2033,37.0756
RE1,DEMINDELC,INDELC,2034,39.4691
RE1,DEMINDELC,INDELC,2035,43.9659
RE1,DEMINDELC,INDELC,2036,47.4965
RE1,DEMINDELC,INDELC,2037,51.3012
RE1,DEMINDELC,INDELC,2038,55.4017
RE1,DEMINDELC,INDELC,2039,59.8216
RE1,DEMINDELC,INDELC,2040,64.5858
RE1,DEMINDELC,INDELC,2041,68.6548
RE1,DEMINDELC,INDELC,2042,72.9709
RE1,DEMINDELC,INDELC,2043,77.5493
RE1,DEMINDELC,INDELC,2044,82.4066
RE1,DEMINDELC,INDELC,2045,87.56
RE1,DEMINDELC,INDELC,2046,92.6311
RE1,DEMINDELC,INDELC,2047,98.0148
RE1,DEMINDELC,INDELC,2048,103.7296
RE1,DEMINDELC,INDELC,2049,109.7949
RE1,DEMINDELC,INDELC,2050,116.2315
RE1,DEMINDELC,INDELC,2051,120.23
RE1,DEMINDELC,INDELC,2052,124.3657
RE1,DEMINDELC,INDELC,2053,128.6433
RE1,DEMINDELC,INDELC,2054,133.0675
RE1,DEMINDELC,INDELC,2055,137.6435
RE1,DEMINDELC,INDELC,2056,142.3764
RE1,DEMINDELC,INDELC,2057,147.2715
RE1,DEMINDELC,INDELC,2058,152.3346
RE1,DEMINDELC,INDELC,2059,157.5715
RE1,DEMINDELC,INDELC,2060,162.9882
RE1,DEMINDELC,INDELC,2061,166.8674
RE1,DEMINDELC,INDELC,2062,170.8388
RE1,DEMINDELC,INDELC,2063,174.9049
RE1,DEMINDELC,INDELC,2064,179.0679
RE1,DEMINDELC,INDELC,2065,183.3303
RE1,DEMINDELC,INDELC,2066,187.6946
RE1,DEMINDELC,INDELC,2067,192.1634
RE1,DEMINDELC,INDELC,2068,196.7392
RE1,DEMINDELC,INDELC,2069,201.4247
RE1,DEMINDELC,INDELC,2070,206.2227
RE1,DEMINDHEBIO,INDHEL,2015,1.1391
RE1,DEMINDHEBIO,INDHEL,2016,1.1391
RE1,DEMINDHEBIO,INDHEL,2017,4.3426
RE1,DEMINDHEBIO,INDHEL,2018,7.5461
RE1,DEMINDHEBIO,INDHEL,2019,10.7496
RE1,DEMINDHEBIO,INDHEL,2020,13.9531
RE1,DEMINDHEBIO,INDHEL,2021,14.1297
RE1,DEMINDHEBIO,INDHEL,2022,14.3045
RE1,DEMINDHEBIO,INDHEL,2023,14.4779
RE1,DEMINDHEBIO,INDHEL,2024,14.65
RE1,DEMINDHEBIO,INDHEL,2025,14.8212
RE1,DEMINDHEBIO,INDHEL,2026,14.9767
RE1,DEMINDHEBIO,INDHEL,2027,15.1318
RE1,DEMINDHEBIO,INDHEL,2028,15.287
RE1,DEMINDHEBIO,INDHEL,2029,15.4421
RE1,DEMINDHEBIO,INDHEL,2030,15.5975
RE1,DEMINDHEBIO,INDHEL,2031,15.3126
RE1,DEMINDHEBIO,INDHEL,2032,15.0531
RE1,DEMINDHEBIO,INDHEL,2033,14.8151
RE1,DEMINDHEBIO,INDHEL,2034,14.5959
RE1,DEMINDHEBIO,INDHEL,2035,15.0469
RE1,DEMINDHEBIO,INDHEL,2036,15.0436
RE1,DEMINDHEBIO,INDHEL,2037,15.0375
RE1,DEMINDHEBIO,INDHEL,2038,15.0289
RE1,DEMINDHEBIO,INDHEL,2039,15.0183
RE1,DEMINDHEBIO,INDHEL,2040,15.0057
RE1,DEMINDHEBIO,INDHEL,2041,14.9308
RE1,DEMINDHEBIO,INDHEL,2042,14.8542
RE1,DEMINDHEBIO,INDHEL,2043,14.7764
RE1,DEMINDHEBIO,INDHEL,2044,14.6974
RE1,DEMINDHEBIO,INDHEL,2045,14.6176
RE1,DEMINDHEBIO,INDHEL,2046,14.4749
RE1,DEMINDHEBIO,INDHEL,2047,14.3364
RE1,DEMINDHEBIO,INDHEL,2048,14.2017
RE1,DEMINDHEBIO,INDHEL,2049,14.0705
RE1,DEMINDHEBIO,INDHEL,2050,13.9426
RE1,DEMINDHEBIO,INDHEL,2051,13.8113
RE1,DEMINDHEBIO,INDHEL,2052,13.6812
RE1,DEMINDHEBIO,INDHEL,2053,13.5523
RE1,DEMINDHEBIO,INDHEL,2054,13.4246
RE1,DEMINDHEBIO,INDHEL,2055,13.298
RE1,DEMINDHEBIO,INDHEL,2056,13.1726
RE1,DEMINDHEBIO,INDHEL,2057,13.0483
RE1,DEMINDHEBIO,INDHEL,2058,12.9252
RE1,DEMINDHEBIO,INDHEL,2059,12.8032
RE1,DEMINDHEBIO,INDHEL,2060,12.6823
RE1,DEMINDHEBIO,INDHEL,2061,12.5581
RE1,DEMINDHEBIO,INDHEL,2062,12.4351
RE1,DEMINDHEBIO,INDHEL,2063,12.3133
RE1,DEMINDHEBIO,INDHEL,2064,12.1927
RE1,DEMINDHEBIO,INDHEL,2065,12.0733
RE1,DEMINDHEBIO,INDHEL,2066,11.9551
RE1,DEMINDHEBIO,INDHEL,2067,11.8381
RE1,DEMINDHEBIO,INDHEL,2068,11.7222
RE1,DEMINDHEBIO,INDHEL,2069,11.6075
RE1,DEMINDHEBIO,INDHEL,2070,11.4941
RE1,DEMINDHECOA,INDHEH,2015,6.5637
RE1,DEMINDHECOA,INDHEH,2016,6.9151
RE1,DEMINDHECOA,INDHEH,2017,7.2854
RE1,DEMINDHECOA,INDHEH,2018,7.6755
RE1,DEMINDHECOA,INDHEH,2019,8.0864
RE1,DEMINDHECOA,INDHEH,2020,8.5194
RE1,DEMINDHECOA,INDHEH,2021,8.8462
RE1,DEMINDHECOA,INDHEH,2022,9.183
RE1,DEMINDHECOA,INDHEH,2023,9.5302
RE1,DEMINDHECOA,INDHEH,2024,9.8883
RE1,DEMINDHECOA,INDHEH,2025,10.2578
RE1,DEMINDHECOA,INDHEH,2026,10.6284
RE1,DEMINDHECOA,INDHEH,2027,11.0112
RE1,DEMINDHECOA,INDHEH,2028,11.4064
RE1,DEMINDHECOA,INDHEH,2029,11.8147
RE1,DEMINDHECOA,INDHEH,2030,12.2365
RE1,DEMINDHECOA,INDHEH,2031,12.4246
RE1,DEMINDHECOA,INDHEH,2032,12.6324
RE1,DEMINDHECOA,INDHEH,2033,12.8587
RE1,DEMINDHECOA,INDHEH,2034,13.1025
RE1,DEMINDHECOA,INDHEH,2035,13.9702
RE1,DEMINDHECOA,INDHEH,2036,14.4456
RE1,DEMINDHECOA,INDHEH,2037,14.9345
RE1,DEMINDHECOA,INDHEH,2038,15.4374
RE1,DEMINDHECOA,INDHEH,2039,15.955
RE1,DEMINDHECOA,INDHEH,2040,16.4879
RE1,DEMINDHECOA,INDHEH,2041,16.9131
RE1,DEMINDHECOA,INDHEH,2042,17.3471
RE1,DEMINDHECOA,INDHEH,2043,17.7902
RE1,DEMINDHECOA,INDHEH,2044,18.2427
RE1,DEMINDHECOA,INDHEH,2045,18.7051
RE1,DEMINDHECOA,INDHEH,2046,19.0957
RE1,DEMINDHECOA,INDHEH,2047,19.4982
RE1,DEMINDHECOA,INDHEH,2048,19.9127
RE1,DEMINDHECOA,INDHEH,2049,20.3393
RE1,DEMINDHECOA,INDHEH,2050,20.7779
RE1,DEMINDHECOA,INDHEH,2051,21.1199
RE1,DEMINDHECOA,INDHEH,2052,21.4675
RE1,DEMINDHECOA,INDHEH,2053,21.8207
RE1,DEMINDHECOA,INDHEH,2054,22.1796
RE1,DEMINDHECOA,INDHEH,2055,22.5444
RE1,DEMINDHECOA,INDHEH,2056,22.915
RE1,DEMINDHECOA,INDHEH,2057,23.2918
RE1,DEMINDHECOA,INDHEH,2058,23.6746
RE1,DEMINDHECOA,INDHEH,2059,24.0637
RE1,DEMINDHECOA,INDHEH,2060,24.4592
RE1,DEMINDHECOA,INDHEH,2061,24.7784
RE1,DEMINDHECOA,INDHEH,2062,25.1018
RE1,DEMINDHECOA,INDHEH,2063,25.4294
RE1,DEMINDHECOA,INDHEH,2064,25.7613
RE1,DEMINDHECOA,INDHEH,2065,26.0977
RE1,DEMINDHECOA,INDHEH,2066,26.4384
RE1,DEMINDHECOA,INDHEH,2067,26.7837
RE1,DEMINDHECOA,INDHEH,2068,27.1336
RE1,DEMINDHECOA,INDHEH,2069,27.4881
RE1,DEMINDHECOA,INDHEH,2070,27.8474
RE1,DEMRESCKNBIO,RESCKN,2015,4.3005
RE1,DEMRESCKNBIO,RESCKN,2016,4.3057
RE1,DEMRESCKNBIO,RESCKN,2017,16.1316
RE1,DEMRESCKNBIO,RESCKN,2018,27.9578
RE1,DEMRESCKNBIO,RESCKN,2019,39.7844
RE1,DEMRESCKNBIO,RESCKN,2020,51.6112
RE1,DEMRESCKNBIO,RESCKN,2021,52.2677
RE1,DEMRESCKNBIO,RESCKN,2022,52.9177
RE1,DEMRESCKNBIO,RESCKN,2023,53.5624
RE1,DEMRESCKNBIO,RESCKN,2024,54.2029
RE1,DEMRESCKNBIO,RESCKN,2025,54.8401
RE1,DEMRESCKNBIO,RESCKN,2026,55.4192
RE1,DEMRESCKNBIO,RESCKN,2027,55.9974
RE1,DEMRESCKNBIO,RESCKN,2028,56.5756
RE1,DEMRESCKNBIO,RESCKN,2029,57.1543
RE1,DEMRESCKNBIO,RESCKN,2030,57.734
RE1,DEMRESCKNBIO,RESCKN,2031,56.6856
RE1,DEMRESCKNBIO,RESCKN,2032,55.7308
RE1,DEMRESCKNBIO,RESCKN,2033,54.8562
RE1,DEMRESCKNBIO,RESCKN,2034,54.051
RE1,DEMRESCKNBIO,RESCKN,2035,55.728
RE1,DEMRESCKNBIO,RESCKN,2036,55.7227
RE1,DEMRESCKNBIO,RESCKN,2037,55.7074
RE1,DEMRESCKNBIO,RESCKN,2038,55.6835
RE1,DEMRESCKNBIO,RESCKN,2039,55.6519
RE1,DEMRESCKNBIO,RESCKN,2040,55.6135
RE1,DEMRESCKNBIO,RESCKN,2041,55.3431
RE1,DEMRESCKNBIO,RESCKN,2042,55.0447
RE1,DEMRESCKNBIO,RESCKN,2043,54.764
RE1,DEMRESCKNBIO,RESCKN,2044,54.5019
RE1,DEMRESCKNBIO,RESCKN,2045,54.1917
RE1,DEMRESCKNBIO,RESCKN,2046,53.6935
RE1,DEMRESCKNBIO,RESCKN,2047,52.9102
RE1,DEMRESCKNBIO,RESCKN,2048,52.4194
RE1,DEMRESCKNBIO,RESCKN,2049,51.5052
RE1,DEMRESCKNBIO,RESCKN,2050,49.0121
RE1,DEMRESCKNBIO,RESCKN,2051,49.4888
RE1,DEMRESCKNBIO,RESCKN,2052,48.9419
RE1,DEMRESCKNBIO,RESCKN,2053,48.3971
RE1,DEMRESCKNBIO,RESCKN,2054,47.8502
RE1,DEMRESCKNBIO,RESCKN,2055,47.3017
RE1,DEMRESCKNBIO,RESCKN,2056,46.7548
RE1,DEMRESCKNBIO,RESCKN,2057,46.2091
RE1,DEMRESCKNBIO,RESCKN,2058,45.671
RE1,DEMRESCKNBIO,RESCKN,2059,45.1339
RE1,DEMRESCKNBIO,RESCKN,2060,44.5978
RE1,DEMRESCKNBIO,RESCKN,2061,44.078
RE1,DEMRESCKNBIO,RESCKN,2062,43.6288
RE1,DEMRESCKNBIO,RESCKN,2063,43.1854
RE1,DEMRESCKNBIO,RESCKN,2064,42.7444
RE1,DEMRESCKNBIO,RESCKN,2065,42.3957
RE1,DEMRESCKNBIO,RESCKN,2066,41.862
RE1,DEMRESCKNBIO,RESCKN,2067,41.4234
RE1,DEMRESCKNBIO,RESCKN,2068,41.0906
RE1,DEMRESCKNBIO,RESCKN,2069,41.202
RE1,DEMRESCKNBIO,RESCKN,2070,39.9552
RE1,DEMRESCKNELC,RESCKN,2042,0.0225
RE1,DEMRESCKNELC,RESCKN,2043,0.0225
RE1,DEMRESCKNELC,RESCKN,2045,0.0225
RE1,DEMRESCKNELC,RESCKN,2047,0.2783
RE1,DEMRESCKNELC,RESCKN,2048,0.2783
RE1,DEMRESCKNELC,RESCKN,2049,0.7148
RE1,DEMRESCKNELC,RESCKN,2050,2.7421
RE1,DEMRESCKNELC,RESCKN,2051,1.7861
RE1,DEMRESCKNELC,RESCKN,2052,1.8582
RE1,DEMRESCKNELC,RESCKN,2053,1.9326
RE1,DEMRESCKNELC,RESCKN,2054,2.0136
RE1,DEMRESCKNELC,RESCKN,2055,2.1004
RE1,DEMRESCKNELC,RESCKN,2056,2.1902
RE1,DEMRESCKNELC,RESCKN,2057,2.2828
RE1,DEMRESCKNELC,RESCKN,2058,2.3723
RE1,DEMRESCKNELC,RESCKN,2059,2.465
RE1,DEMRESCKNELC,RESCKN,2060,2.561
RE1,DEMRESCKNELC,RESCKN,2061,2.6272
RE1,DEMRESCKNELC,RESCKN,2062,2.6272
RE1,DEMRESCKNELC,RESCKN,2063,2.626
RE1,DEMRESCKNELC,RESCKN,2064,2.6269
RE1,DEMRESCKNELC,RESCKN,2065,2.5401
RE1,DEMRESCKNELC,RESCKN,2066,2.6427
RE1,DEMRESCKNELC,RESCKN,2067,2.6547
RE1,DEMRESCKNELC,RESCKN,2068,2.5652
RE1,DEMRESCKNELC,RESCKN,2069,2.036
RE1,DEMRESCKNELC,RESCKN,2070,2.8694
RE1,DEMRESHEBIO,RESHEL,2015,1.8431
RE1,DEMRESHEBIO,RESHEL,2016,1.8453
RE1,DEMRESHEBIO,RESHEL,2017,6.9136
RE1,DEMRESHEBIO,RESHEL,2018,11.9819
RE1,DEMRESHEBIO,RESHEL,2019,17.0504
RE1,DEMRESHEBIO,RESHEL,2020,22.1191
RE1,DEMRESHEBIO,RESHEL,2021,22.4004
RE1,DEMRESHEBIO,RESHEL,2022,22.679
RE1,DEMRESHEBIO,RESHEL,2023,22.9553
RE1,DEMRESHEBIO,RESHEL,2024,23.2298
RE1,DEMRESHEBIO,RESHEL,2025,23.5029
RE1,DEMRESHEBIO,RESHEL,2026,23.7511
RE1,DEMRESHEBIO,RESHEL,2027,23.9989
RE1,DEMRESHEBIO,RESHEL,2028,24.2467
RE1,DEMRESHEBIO,RESHEL,2029,24.4947
RE1,DEMRESHEBIO,RESHEL,2030,24.7431
RE1,DEMRESHEBIO,RESHEL,2031,24.2938
RE1,DEMRESHEBIO,RESHEL,2032,23.8846
RE1,DEMRESHEBIO,RESHEL,2033,23.5098
RE1,DEMRESHEBIO,RESHEL,2034,23.1647
RE1,DEMRESHEBIO,RESHEL,2035,23.8834
RE1,DEMRESHEBIO,RESHEL,2036,23.8812
RE1,DEMRESHEBIO,RESHEL,2037,23.8746
RE1,DEMRESHEBIO,RESHEL,2038,23.8643
RE1,DEMRESHEBIO,RESHEL,2039,23.8508
RE1,DEMRESHEBIO,RESHEL,2040,23.8343
RE1,DEMRESHEBIO,RESHEL,2041,23.7185
RE1,DEMRESHEBIO,RESHEL,2042,23.6002
RE1,DEMRESHEBIO,RESHEL,2043,23.4799
RE1,DEMRESHEBIO,RESHEL,2044,23.358
RE1,DEMRESHEBIO,RESHEL,2045,23.2346
RE1,DEMRESHEBIO,RESHEL,2046,23.0115
RE1,DEMRESHEBIO,RESHEL,2047,22.7951
RE1,DEMRESHEBIO,RESHEL,2048,22.5847
RE1,DEMRESHEBIO,RESHEL,2049,22.38
RE1,DEMRESHEBIO,RESHEL,2050,22.1804
RE1,DEMRESHEBIO,RESHEL,2051,21.9749
RE1,DEMRESHEBIO,RESHEL,2052,21.7715
RE1,DEMRESHEBIO,RESHEL,2053,21.5699
RE1,DEMRESHEBIO,RESHEL,2054,21.3702
RE1,DEMRESHEBIO,RESHEL,2055,21.1723
RE1,DEMRESHEBIO,RESHEL,2056,20.9764
RE1,DEMRESHEBIO,RESHEL,2057,20.7823
RE1,DEMRESHEBIO,RESHEL,2058,20.59
RE1,DEMRESHEBIO,RESHEL,2059,20.3995
RE1,DEMRESHEBIO,RESHEL,2060,20.2109
RE1,DEMRESHEBIO,RESHEL,2061,20.0165
RE1,DEMRESHEBIO,RESHEL,2062,19.824
RE1,DEMRESHEBIO,RESHEL,2063,19.6335
RE1,DEMRESHEBIO,RESHEL,2064,19.4449
RE1,DEMRESHEBIO,RESHEL,2065,19.2582
RE1,DEMRESHEBIO,RESHEL,2066,19.0734
RE1,DEMRESHEBIO,RESHEL,2067,18.8906
RE1,DEMRESHEBIO,RESHEL,2068,18.7096
RE1,DEMRESHEBIO,RESHEL,2069,18.5306
RE1,DEMRESHEBIO,RESHEL,2070,18.3534
RE1,DEMTRABUSELC,TRABUS,2050,0.8344
RE1,DEMTRABUSELC,TRABUS,2051,40.1749
RE1,DEMTRABUSELC,TRABUS,2052,40.836
RE1,DEMTRABUSELC,TRABUS,2053,41.5079
RE1,DEMTRABUSELC,TRABUS,2054,42.1907
RE1,DEMTRABUSELC,TRABUS,2055,42.8845
RE1,DEMTRABUSELC,TRABUS,2056,43.5897
RE1,DEMTRABUSELC,TRABUS,2057,44.3063
RE1,DEMTRABUSELC,TRABUS,2058,45.0345
RE1,DEMTRABUSELC,TRABUS,2059,45.7747
RE1,DEMTRABUSELC,TRABUS,2060,46.5269
RE1,DEMTRABUSELC,TRABUS,2061,47.1342
RE1,DEMTRABUSELC,TRABUS,2062,47.7494
RE1,DEMTRABUSELC,TRABUS,2063,48.3726
RE1,DEMTRABUSELC,TRABUS,2064,49.004
RE1,DEMTRABUSELC,TRABUS,2065,49.6437
RE1,DEMTRABUSELC,TRABUS,2066,50.2919
RE1,DEMTRABUSELC,TRABUS,2067,50.9487
RE1,DEMTRABUSELC,TRABUS,2068,51.6143
RE1,DEMTRABUSELC,TRABUS,2069,52.2887
RE1,DEMTRABUSELC,TRABUS,2070,52.9722
RE1,DEMTRABUSGSL,TRABUS,2015,12.4857
RE1,DEMTRABUSGSL,TRABUS,2016,13.1542
RE1,DEMTRABUSGSL,TRABUS,2017,13.8585
RE1,DEMTRABUSGSL,TRABUS,2018,14.6005
RE1,DEMTRABUSGSL,TRABUS,2019,15.3822
RE1,DEMTRABUSGSL,TRABUS,2020,16.2058
RE1,DEMTRABUSGSL,TRABUS,2021,16.8275
RE1,DEMTRABUSGSL,TRABUS,2022,17.4681
RE1,DEMTRABUSGSL,TRABUS,2023,18.1285
RE1,DEMTRABUSGSL,TRABUS,2024,18.8097
RE1,DEMTRABUSGSL,TRABUS,2025,19.5126
RE1,DEMTRABUSGSL,TRABUS,2026,20.2177
RE1,DEMTRABUSGSL,TRABUS,2027,20.9458
RE1,DEMTRABUSGSL,TRABUS,2028,21.6976
RE1,DEMTRABUSGSL,TRABUS,2029,22.4742
RE1,DEMTRABUSGSL,TRABUS,2030,23.2766
RE1,DEMTRABUSGSL,TRABUS,2031,23.6344
RE1,DEMTRABUSGSL,TRABUS,2032,24.0298
RE1,DEMTRABUSGSL,TRABUS,2033,24.4602
RE1,DEMTRABUSGSL,TRABUS,2034,24.924
RE1,DEMTRABUSGSL,TRABUS,2035,26.5744
RE1,DEMTRABUSGSL,TRABUS,2036,27.4788
RE1,DEMTRABUSGSL,TRABUS,2037,28.4088
RE1,DEMTRABUSGSL,TRABUS,2038,29.3655
RE1,DEMTRABUSGSL,TRABUS,2039,30.3501
RE1,DEMTRABUSGSL,TRABUS,2040,31.3637
RE1,DEMTRABUSGSL,TRABUS,2041,32.1727
RE1,DEMTRABUSGSL,TRABUS,2042,32.9982
RE1,DEMTRABUSGSL,TRABUS,2043,33.8411
RE1,DEMTRABUSGSL,TRABUS,2044,34.7019
RE1,DEMTRABUSGSL,TRABUS,2045,35.5813
RE1,DEMTRABUSGSL,TRABUS,2046,36.3243
RE1,DEMTRABUSGSL,TRABUS,2047,37.0901
RE1,DEMTRABUSGSL,TRABUS,2048,37.8786
RE1,DEMTRABUSGSL,TRABUS,2049,38.69
RE1,DEMTRABUSGSL,TRABUS,2050,38.69
RE1,DEMTRACARELC,TRACAR,2046,4.5068
RE1,DEMTRACARELC,TRACAR,2047,9.0136
RE1,DEMTRACARELC,TRACAR,2048,13.5204
RE1,DEMTRACARELC,TRACAR,2049,18.0271
RE1,DEMTRACARELC,TRACAR,2050,22.5339
RE1,DEMTRACARELC,TRACAR,2051,27.0407
RE1,DEMTRACARELC,TRACAR,2052,31.5475
RE1,DEMTRACARELC,TRACAR,2053,36.0543
RE1,DEMTRACARELC,TRACAR,2054,40.5611
RE1,DEMTRACARELC,TRACAR,2055,45.0678
RE1,DEMTRACARELC,TRACAR,2056,49.5746
RE1,DEMTRACARELC,TRACAR,2057,54.0814
RE1,DEMTRACARELC,TRACAR,2058,55.0422
RE1,DEMTRACARELC,TRACAR,2059,55.9468
RE1,DEMTRACARELC,TRACAR,2060,56.8663
RE1,DEMTRACARELC,TRACAR,2061,57.6085
RE1,DEMTRACARELC,TRACAR,2062,58.3603
RE1,DEMTRACARELC,TRACAR,2063,59.122
RE1,DEMTRACARELC,TRACAR,2064,59.8938
RE1,DEMTRACARELC,TRACAR,2065,60.6756
RE1,DEMTRACARELC,TRACAR,2066,61.4679
RE1,DEMTRACARELC,TRACAR,2067,62.2707
RE1,DEMTRACARELC,TRACAR,2068,63.0841
RE1,DEMTRACARELC,TRACAR,2069,63.9084
RE1,DEMTRACARELC,TRACAR,2070,64.7438
RE1,DEMTRACARGSL,TRACAR,2015,15.2603
RE1,DEMTRACARGSL,TRACAR,2016,16.0773
RE1,DEMTRACARGSL,TRACAR,2017,16.9381
RE1,DEMTRACARGSL,TRACAR,2018,17.845
RE1,DEMTRACARGSL,TRACAR,2019,18.8005
RE1,DEMTRACARGSL,TRACAR,2020,19.8071
RE1,DEMTRACARGSL,TRACAR,2021,20.5669
RE1,DEMTRACARGSL,TRACAR,2022,21.3499
RE1,DEMTRACARGSL,TRACAR,2023,22.1571
RE1,DEMTRACARGSL,TRACAR,2024,22.9897
RE1,DEMTRACARGSL,TRACAR,2025,23.8487
RE1,DEMTRACARGSL,TRACAR,2026,24.7106
RE1,DEMTRACARGSL,TRACAR,2027,25.6004
RE1,DEMTRACARGSL,TRACAR,2028,26.5193
RE1,DEMTRACARGSL,TRACAR,2029,27.4685
RE1,DEMTRACARGSL,TRACAR,2030,28.4492
RE1,DEMTRACARGSL,TRACAR,2031,28.8865
RE1,DEMTRACARGSL,TRACAR,2032,29.3697
RE1,DEMTRACARGSL,TRACAR,2033,29.8958
RE1,DEMTRACARGSL,TRACAR,2034,30.4626
RE1,DEMTRACARGSL,TRACAR,2035,32.4799
RE1,DEMTRACARGSL,TRACAR,2036,33.5852
RE1,DEMTRACARGSL,TRACAR,2037,34.7218
RE1,DEMTRACARGSL,TRACAR,2038,35.8912
RE1,DEMTRACARGSL,TRACAR,2039,37.0946
RE1,DEMTRACARGSL,TRACAR,2040,38.3335
RE1,DEMTRACARGSL,TRACAR,2041,39.3222
RE1,DEMTRACARGSL,TRACAR,2042,40.3312
RE1,DEMTRACARGSL,TRACAR,2043,41.3613
RE1,DEMTRACARGSL,TRACAR,2044,42.4134
RE1,DEMTRACARGSL,TRACAR,2045,43.4883
RE1,DEMTRACARGSL,TRACAR,2046,39.8896
RE1,DEMTRACARGSL,TRACAR,2047,36.3187
RE1,DEMTRACARGSL,TRACAR,2048,32.7757
RE1,DEMTRACARGSL,TRACAR,2049,29.2606
RE1,DEMTRACARGSL,TRACAR,2050,25.7736
RE1,DEMTRACARGSL,TRACAR,2051,22.0619
RE1,DEMTRACARGSL,TRACAR,2052,18.3632
RE1,DEMTRACARGSL,TRACAR,2053,14.6776
RE1,DEMTRACARGSL,TRACAR,2054,11.0053
RE1,DEMTRACARGSL,TRACAR,2055,7.3466
RE1,DEMTRACARGSL,TRACAR,2056,3.7016
RE1,DEMTRACARGSL,TRACAR,2057,0.0707
RE1,DEMTRAEVC,ELCEV,2021,5.1405
RE1,DEMTRAEVC,ELCEV,2022,10.1478
RE1,DEMTRAEVC,ELCEV,2023,15.2776
RE1,DEMTRAEVC,ELCEV,2024,20.4067
RE1,DEMTRAEVC,ELCEV,2025,25.7025
RE1,DEMTRAEVC,ELCEV,2026,27.4288
RE1,DEMTRAEVC,ELCEV,2027,28.4164
RE1,DEMTRAEVC,ELCEV,2028,29.4364
RE1,DEMTRAEVC,ELCEV,2029,30.49
RE1,DEMTRAEVC,ELCEV,2030,31.5786
RE1,DEMTRAEVC,ELCEV,2031,32.064
RE1,DEMTRAEVC,ELCEV,2032,32.6004
RE1,DEMTRAEVC,ELCEV,2033,33.1844
RE1,DEMTRAEVC,ELCEV,2034,33.8135
RE1,DEMTRAEVC,ELCEV,2035,36.0526
RE1,DEMTRAEVC,ELCEV,2036,37.2796
RE1,DEMTRAEVC,ELCEV,2037,38.5413
RE1,DEMTRAEVC,ELCEV,2038,39.8392
RE1,DEMTRAEVC,ELCEV,2039,41.175
RE1,DEMTRAEVC,ELCEV,2040,42.5501
RE1,DEMTRAEVC,ELCEV,2041,43.6476
RE1,DEMTRAEVC,ELCEV,2042,44.7676
RE1,DEMTRAEVC,ELCEV,2043,45.911
RE1,DEMTRAEVC,ELCEV,2044,47.0789
RE1,DEMTRAEVC,ELCEV,2045,48.272
RE1,DEMTRAEVC,ELCEV,2046,54.2826
RE1,DEMTRAEVC,ELCEV,2047,60.324
RE1,DEMTRAEVC,ELCEV,2048,66.3962
RE1,DEMTRAEVC,ELCEV,2049,72.4995
RE1,DEMTRAEVC,ELCEV,2050,79.5603
RE1,DEMTRAEVC,ELCEV,2051,129.1132
RE1,DEMTRAEVC,ELCEV,2052,135.7465
RE1,DEMTRAEVC,ELCEV,2053,142.4063
RE1,DEMTRAEVC,ELCEV,2054,149.093
RE1,DEMTRAEVC,ELCEV,2055,155.8071
RE1,DEMTRAEVC,ELCEV,2056,162.549
RE1,DEMTRAEVC,ELCEV,2057,169.3191
RE1,DEMTRAEVC,ELCEV,2058,172.182
RE1,DEMTRAEVC,ELCEV,2059,175.0119
RE1,DEMTRAEVC,ELCEV,2060,177.888
RE1,DEMTRAEVC,ELCEV,2061,180.2098
RE1,DEMTRAEVC,ELCEV,2062,182.5617
RE1,DEMTRAEVC,ELCEV,2063,184.9445
RE1,DEMTRAEVC,ELCEV,2064,187.3585
RE1,DEMTRAEVC,ELCEV,2065,189.8045
RE1,DEMTRAEVC,ELCEV,2066,192.2828
RE1,DEMTRAEVC,ELCEV,2067,194.794
RE1,DEMTRAEVC,ELCEV,2068,197.3385
RE1,DEMTRAEVC,ELCEV,2069,199.9172
RE1,DEMTRAEVC,ELCEV,2070,202.5304
RE1,DEMTRAMCYELC,TRAMCY,2021,4.6311
RE1,DEMTRAMCYELC,TRAMCY,2022,9.1422
RE1,DEMTRAMCYELC,TRAMCY,2023,13.7637
RE1,DEMTRAMCYELC,TRAMCY,2024,18.3844
RE1,DEMTRAMCYELC,TRAMCY,2025,23.1554
RE1,DEMTRAMCYELC,TRAMCY,2026,24.7105
RE1,DEMTRAMCYELC,TRAMCY,2027,25.6003
RE1,DEMTRAMCYELC,TRAMCY,2028,26.5193
RE1,DEMTRAMCYELC,TRAMCY,2029,27.4685
RE1,DEMTRAMCYELC,TRAMCY,2030,28.4492
RE1,DEMTRAMCYELC,TRAMCY,2031,28.8865
RE1,DEMTRAMCYELC,TRAMCY,2032,29.3697
RE1,DEMTRAMCYELC,TRAMCY,2033,29.8958
RE1,DEMTRAMCYELC,TRAMCY,2034,30.4626
RE1,DEMTRAMCYELC,TRAMCY,2035,32.4798
RE1,DEMTRAMCYELC,TRAMCY,2036,33.5852
RE1,DEMTRAMCYELC,TRAMCY,2037,34.7219
RE1,DEMTRAMCYELC,TRAMCY,2038,35.8912
RE1,DEMTRAMCYELC,TRAMCY,2039,37.0946
RE1,DEMTRAMCYELC,TRAMCY,2040,38.3334
RE1,DEMTRAMCYELC,TRAMCY,2041,39.3222
RE1,DEMTRAMCYELC,TRAMCY,2042,40.3311
RE1,DEMTRAMCYELC,TRAMCY,2043,41.3613
RE1,DEMTRAMCYELC,TRAMCY,2044,42.4134
RE1,DEMTRAMCYELC,TRAMCY,2045,43.4883
RE1,DEMTRAMCYELC,TRAMCY,2046,44.3964
RE1,DEMTRAMCYELC,TRAMCY,2047,45.3323
RE1,DEMTRAMCYELC,TRAMCY,2048,46.296
RE1,DEMTRAMCYELC,TRAMCY,2049,47.2877
RE1,DEMTRAMCYELC,TRAMCY,2050,48.3076
RE1,DEMTRAMCYELC,TRAMCY,2051,49.1026
RE1,DEMTRAMCYELC,TRAMCY,2052,49.9107
RE1,DEMTRAMCYELC,TRAMCY,2053,50.7318
RE1,DEMTRAMCYELC,TRAMCY,2054,51.5664
RE1,DEMTRAMCYELC,TRAMCY,2055,52.4144
RE1,DEMTRAMCYELC,TRAMCY,2056,53.2762
RE1,DEMTRAMCYELC,TRAMCY,2057,54.1521
RE1,DEMTRAMCYELC,TRAMCY,2058,55.0422
RE1,DEMTRAMCYELC,TRAMCY,2059,55.9468
RE1,DEMTRAMCYELC,TRAMCY,2060,56.8663
RE1,DEMTRAMCYELC,TRAMCY,2061,57.6084
RE1,DEMTRAMCYELC,TRAMCY,2062,58.3603
RE1,DEMTRAMCYELC,TRAMCY,2063,59.122
RE1,DEMTRAMCYELC,TRAMCY,2064,59.8937
RE1,DEMTRAMCYELC,TRAMCY,2065,60.6756
RE1,DEMTRAMCYELC,TRAMCY,2066,61.4679
RE1,DEMTRAMCYELC,TRAMCY,2067,62.2706
RE1,DEMTRAMCYELC,TRAMCY,2068,63.0841
RE1,DEMTRAMCYELC,TRAMCY,2069,63.9084
RE1,DEMTRAMCYELC,TRAMCY,2070,64.7438
RE1,DEMTRAMCYGSL,TRAMCY,2015,15.2603
RE1,DEMTRAMCYGSL,TRAMCY,2016,16.0773
RE1,DEMTRAMCYGSL,TRAMCY,2017,16.9381
RE1,DEMTRAMCYGSL,TRAMCY,2018,17.845
RE1,DEMTRAMCYGSL,TRAMCY,2019,18.8005
RE1,DEMTRAMCYGSL,TRAMCY,2020,19.8071
RE1,DEMTRAMCYGSL,TRAMCY,2021,15.9358
RE1,DEMTRAMCYGSL,TRAMCY,2022,12.2077
RE1,DEMTRAMCYGSL,TRAMCY,2023,8.3935
RE1,DEMTRAMCYGSL,TRAMCY,2024,4.6053
RE1,DEMTRAMCYGSL,TRAMCY,2025,0.6933
RE1,IMPCOA,COA,2015,8.1033
RE1,IMPCOA,COA,2016,8.5372
RE1,IMPCOA,COA,2017,8.9943
RE1,IMPCOA,COA,2018,9.4759
RE1,IMPCOA,COA,2019,9.9832
RE1,IMPCOA,COA,2020,10.5178
RE1,IMPCOA,COA,2021,10.9212
RE1,IMPCOA,COA,2022,19.9724
RE1,IMPCOA,COA,2023,20.4011
RE1,IMPCOA,COA,2024,20.8432
RE1,IMPCOA,COA,2025,21.2993
RE1,IMPCOA,COA,2026,21.757
RE1,IMPCOA,COA,2027,13.594
RE1,IMPCOA,COA,2028,14.082
RE1,IMPCOA,COA,2029,14.586
RE1,IMPCOA,COA,2030,15.1068
RE1,IMPCOA,COA,2031,15.339
RE1,IMPCOA,COA,2032,15.5956
RE1,IMPCOA,COA,2033,15.875
RE1,IMPCOA,COA,2034,16.1759
RE1,IMPCOA,COA,2035,17.2471
RE1,IMPCOA,COA,2036,17.8341
RE1,IMPCOA,COA,2037,18.4376
RE1,IMPCOA,COA,2038,19.0585
RE1,IMPCOA,COA,2039,19.6975
RE1,IMPCOA,COA,2040,20.3554
RE1,IMPCOA,COA,2041,20.8804
RE1,IMPCOA,COA,2042,21.4162
RE1,IMPCOA,COA,2043,21.9632
RE1,IMPCOA,COA,2044,22.5219
RE1,IMPCOA,COA,2045,23.0927
RE1,IMPCOA,COA,2046,23.5749
RE1,IMPCOA,COA,2047,24.0719
RE1,IMPCOA,COA,2048,24.5836
RE1,IMPCOA,COA,2049,25.1102
RE1,IMPCOA,COA,2050,25.6518
RE1,IMPCOA,COA,2051,26.074
RE1,IMPCOA,COA,2052,26.503
RE1,IMPCOA,COA,2053,26.9391
RE1,IMPCOA,COA,2054,27.3822
RE1,IMPCOA,COA,2055,27.8325
RE1,IMPCOA,COA,2056,28.2902
RE1,IMPCOA,COA,2057,28.7553
RE1,IMPCOA,COA,2058,29.2279
RE1,IMPCOA,COA,2059,29.7083
RE1,IMPCOA,COA,2060,30.1965
RE1,IMPCOA,COA,2061,30.5906
RE1,IMPCOA,COA,2062,30.9899
RE1,IMPCOA,COA,2063,31.3943
RE1,IMPCOA,COA,2064,31.8041
RE1,IMPCOA,COA,2065,32.2193
RE1,IMPCOA,COA,2066,32.64
RE1,IMPCOA,COA,2067,33.0663
RE1,IMPCOA,COA,2068,33.4982
RE1,IMPCOA,COA,2069,33.936
RE1,IMPCOA,COA,2070,34.3796
RE1,IMPLFO,LFO,2015,202.5455
RE1,IMPLFO,LFO,2016,213.3901
RE1,IMPLFO,LFO,2017,224.8154
RE1,IMPLFO,LFO,2018,236.8523
RE1,IMPLFO,LFO,2019,249.5338
RE1,IMPLFO,LFO,2020,262.8942
RE1,IMPLFO,LFO,2021,249.8236
RE1,IMPLFO,LFO,2022,237.6602
RE1,IMPLFO,LFO,2023,225.267
RE1,IMPLFO,LFO,2024,213.2139
RE1,IMPLFO,LFO,2025,200.7605
RE1,IMPLFO,LFO,2026,204.4238
RE1,IMPLFO,LFO,2027,211.7848
RE1,IMPLFO,LFO,2028,219.3867
RE1,IMPLFO,LFO,2029,227.2392
RE1,IMPLFO,LFO,2030,235.3523
RE1,IMPLFO,LFO,2031,238.9702
RE1,IMPLFO,LFO,2032,242.9677
RE1,IMPLFO,LFO,2033,247.3202
RE1,IMPLFO,LFO,2034,252.009
RE1,IMPLFO,LFO,2035,268.697
RE1,IMPLFO,LFO,2036,277.8415
RE1,IMPLFO,LFO,2037,287.2444
RE1,IMPLFO,LFO,2038,296.9177
RE1,IMPLFO,LFO,2039,306.8731
RE1,IMPLFO,LFO,2040,317.1221
RE1,IMPLFO,LFO,2041,325.3014
RE1,IMPLFO,LFO,2042,333.6485
RE1,IMPLFO,LFO,2043,342.1707
RE1,IMPLFO,LFO,2044,350.8744
RE1,IMPLFO,LFO,2045,359.7665
RE1,IMPLFO,LFO,2046,344.7455
RE1,IMPLFO,LFO,2047,329.954
RE1,IMPLFO,LFO,2048,315.3928
RE1,IMPLFO,LFO,2049,301.0629
RE1,IMPLFO,LFO,2050,283.6281
RE1,IMPLFO,LFO,2051,110.3097
RE1,IMPLFO,LFO,2052,91.8159
RE1,IMPLFO,LFO,2053,73.3879
RE1,IMPLFO,LFO,2054,55.0265
RE1,IMPLFO,LFO,2055,36.7328
RE1,IMPLFO,LFO,2056,18.5081
RE1,IMPLFO,LFO,2057,0.3534
RE1,IMPNGS,NGS,2065,19.4754
RE1,IMPNGS,NGS,2066,114.612
RE1,IMPNGS,NGS,2067,120.4777
RE1,IMPNGS,NGS,2068,125.7826
RE1,IMPNGS,NGS,2069,131.4574
RE1,IMPNGS,NGS,2070,44.3448
RE1,MINBIO,BIO,2015,27.6641
RE1,MINBIO,BIO,2016,27.7044
RE1,MINBIO,BIO,2017,103.4348
RE1,MINBIO,BIO,2018,179.1675
RE1,MINBIO,BIO,2019,254.9026
RE1,MINBIO,BIO,2020,330.6402
RE1,MINBIO,BIO,2021,334.8497
RE1,MINBIO,BIO,2022,348.4411
RE1,MINBIO,BIO,2023,374.6326
RE1,MINBIO,BIO,2024,384.5032
RE1,MINBIO,BIO,2025,389.5153
RE1,MINBIO,BIO,2026,396.4089
RE1,MINBIO,BIO,2027,402.325
RE1,MINBIO,BIO,2028,408.3664
RE1,MINBIO,BIO,2029,414.545
RE1,MINBIO,BIO,2030,420.8728
RE1,MINBIO,BIO,2031,416.1532
RE1,MINBIO,BIO,2032,412.2103
RE1,MINBIO,BIO,2033,408.9643
RE1,MINBIO,BIO,2034,406.3528
RE1,MINBIO,BIO,2035,422.6966
RE1,MINBIO,BIO,2036,426.6498
RE1,MINBIO,BIO,2037,430.8013
RE1,MINBIO,BIO,2038,435.1792
RE1,MINBIO,BIO,2039,439.8114
RE1,MINBIO,BIO,2040,444.7267
RE1,MINBIO,BIO,2041,447.3432
RE1,MINBIO,BIO,2042,450.0287
RE1,MINBIO,BIO,2043,453.0527
RE1,MINBIO,BIO,2044,455.2902
RE1,MINBIO,BIO,2045,456.1257
RE1,MINBIO,BIO,2046,461.7486
RE1,MINBIO,BIO,2047,462.4002
RE1,MINBIO,BIO,2048,464.9958
RE1,MINBIO,BIO,2049,465.5775
RE1,MINBIO,BIO,2050,458.2785
RE1,MINBIO,BIO,2051,506.236
RE1,MINBIO,BIO,2052,507.7374
RE1,MINBIO,BIO,2053,509.3986
RE1,MINBIO,BIO,2054,511.2006
RE1,MINBIO,BIO,2055,513.1515
RE1,MINBIO,BIO,2056,515.2727
RE1,MINBIO,BIO,2057,517.5681
RE1,MINBIO,BIO,2058,520.0778
RE1,MINBIO,BIO,2059,522.7711
RE1,MINBIO,BIO,2060,525.6535
RE1,MINBIO,BIO,2061,526.9894
RE1,MINBIO,BIO,2062,528.8174
RE1,MINBIO,BIO,2063,530.7791
RE1,MINBIO,BIO,2064,532.8587
RE1,MINBIO,BIO,2065,535.557
RE1,MINBIO,BIO,2066,537.3378
RE1,MINBIO,BIO,2067,539.7581
RE1,MINBIO,BIO,2068,542.8798
RE1,MINBIO,BIO,2069,548.5832
RE1,MINBIO,BIO,2070,532.1226
RE1,MINHYD,HYD,2015,5.3076
RE1,MINHYD,HYD,2016,4.9048
RE1,MINHYD,HYD,2017,5.6014
RE1,MINHYD,HYD,2018,4.3312
RE1,MINHYD,HYD,2019,4.685
RE1,MINHYD,HYD,2020,5.0467
RE1,MINHYD,HYD,2021,12.4211
RE1,MINHYD,HYD,2022,13.4122
RE1,MINHYD,HYD,2023,13.4122
RE1,MINHYD,HYD,2024,13.4122
RE1,MINHYD,HYD,2025,13.4122
RE1,MINHYD,HYD,2026,13.4122
RE1,MINHYD,HYD,2027,13.4122
RE1,MINHYD,HYD,2028,13.4122
RE1,MINHYD,HYD,2029,13.4122
RE1,MINHYD,HYD,2030,13.4122
RE1,MINHYD,HYD,2031,13.4122
RE1,MINHYD,HYD,2032,13.4122
RE1,MINHYD,HYD,2033,13.4122
RE1,MINHYD,HYD,2034,13.4122
RE1,MINHYD,HYD,2035,13.4122
RE1,MINHYD,HYD,2036,13.4122
RE1,MINHYD,HYD,2037,13.4122
RE1,MINHYD,HYD,2038,13.4122
RE1,MINHYD,HYD,2039,13.4122
RE1,MINHYD,HYD,2040,13.4122
RE1,MINHYD,HYD,2041,13.4122
RE1,MINHYD,HYD,2042,13.4122
RE1,MINHYD,HYD,2043,13.4122
RE1,MINHYD,HYD,2044,13.4122
RE1,MINHYD,HYD,2045,13.4122
RE1,MINHYD,HYD,2046,13.4122
RE1,MINHYD,HYD,2047,13.4122
RE1,MINHYD,HYD,2048,13.4122
RE1,MINHYD,HYD,2049,13.4122
RE1,MINHYD,HYD,2050,13.4122
RE1,MINHYD,HYD,2051,13.4122
RE1,MINHYD,HYD,2052,13.4122
RE1,MINHYD,HYD,2053,13.4122
RE1,MINHYD,HYD,2054,13.4122
RE1,MINHYD,HYD,2055,13.4122
RE1,MINHYD,HYD,2056,13.4122
RE1,MINHYD,HYD,2057,13.4122
RE1,MINHYD,HYD,2058,13.4122
RE1,MINHYD,HYD,2059,13.4122
RE1,MINHYD,HYD,2060,13.4122
RE1,MINHYD,HYD,2061,13.4122
RE1,MINHYD,HYD,2062,13.4122
RE1,MINHYD,HYD,2063,13.4122
RE1,MINHYD,HYD,2064,13.4122
RE1,MINHYD,HYD,2065,13.4122
RE1,MINHYD,HYD,2066,13.4122
RE1,MINHYD,HYD,2067,13.4122
RE1,MINHYD,HYD,2068,13.4122
RE1,MINHYD,HYD,2069,13.4122
RE1,MINHYD,HYD,2070,13.4122
RE1,MINNGS,NGS,2024,6.1002
RE1,MINNGS,NGS,2025,6.1002
RE1,MINNGS,NGS,2026,9.1058
RE1,MINNGS,NGS,2027,13.3356
RE1,MINNGS,NGS,2028,16.5158
RE1,MINNGS,NGS,2029,19.8598
RE1,MINNGS,NGS,2030,23.3825
RE1,MINNGS,NGS,2031,25.8597
RE1,MINNGS,NGS,2032,26.112
RE1,MINNGS,NGS,2033,26.5959
RE1,MINNGS,NGS,2034,27.3135
RE1,MINNGS,NGS,2035,32.469
RE1,MINNGS,NGS,2036,35.1925
RE1,MINNGS,NGS,2037,38.209
RE1,MINNGS,NGS,2038,36.1913
RE1,MINNGS,NGS,2039,29.7085
RE1,MINNGS,NGS,2040,23.6226
RE1,MINNGS,NGS,2041,23.7143
RE1,MINNGS,NGS,2042,23.9539
RE1,MINNGS,NGS,2043,23.9949
RE1,MINNGS,NGS,2044,24.0361
RE1,MINNGS,NGS,2045,24.6991
RE1,MINNGS,NGS,2046,28.0063
RE1,MINNGS,NGS,2047,29.9608
RE1,MINNGS,NGS,2048,30.8112
RE1,MINNGS,NGS,2049,32.9137
RE1,MINNGS,NGS,2050,35.1635
RE1,MINNGS,NGS,2051,73.6944
RE1,MINNGS,NGS,2052,83.1988
RE1,MINNGS,NGS,2053,92.5679
RE1,MINNGS,NGS,2054,99.1121
RE1,MINNGS,NGS,2055,103.9867
RE1,MINNGS,NGS,2056,108.9758
RE1,MINNGS,NGS,2057,114.0825
RE1,MINNGS,NGS,2058,114.8205
RE1,MINNGS,NGS,2059,115.5519
RE1,MINNGS,NGS,2060,116.4536
RE1,MINNGS,NGS,2061,115.5508
RE1,MINNGS,NGS,2062,114.4255
RE1,MINNGS,NGS,2063,113.6037
RE1,MINNGS,NGS,2064,112.1804
RE1,MINNGS,NGS,2065,90.668
RE1,MINSOL,SOL,2015,0.1518
RE1,MINSOL,SOL,2017,0.172
RE1,MINSOL,SOL,2021,0.1777
RE1,MINSOL,SOL,2022,0.1777
RE1,MINSOL,SOL,2023,0.1777
RE1,MINSOL,SOL,2024,3.025
RE1,MINSOL,SOL,2025,6.8632
RE1,MINSOL,SOL,2026,7.3974
RE1,MINSOL,SOL,2027,7.7826
RE1,MINSOL,SOL,2028,8.19
RE1,MINSOL,SOL,2029,8.621
RE1,MINSOL,SOL,2030,9.0747
RE1,MINSOL,SOL,2031,9.4182
RE1,MINSOL,SOL,2032,9.793
RE1,MINSOL,SOL,2033,10.1988
RE1,MINSOL,SOL,2034,10.6385
RE1,MINSOL,SOL,2035,11.5918
RE1,MINSOL,SOL,2036,12.2619
RE1,MINSOL,SOL,2037,12.9826
RE1,MINSOL,SOL,2038,16.1184
RE1,MINSOL,SOL,2039,21.4398
RE1,MINSOL,SOL,2040,26.8181
RE1,MINSOL,SOL,2041,28.8345
RE1,MINSOL,SOL,2042,30.9646
RE1,MINSOL,SOL,2043,33.3242
RE1,MINSOL,SOL,2044,36.205
RE1,MINSOL,SOL,2045,39.495
RE1,MINSOL,SOL,2046,44.9012
RE1,MINSOL,SOL,2047,50.3269
RE1,MINSOL,SOL,2048,53.7301
RE1,MINSOL,SOL,2049,53.7301
RE1,MINSOL,SOL,2050,56.922
RE1,MINSOL,SOL,2051,68.3952
RE1,MINSOL,SOL,2052,72.3065
RE1,MINSOL,SOL,2053,76.3422
RE1,MINSOL,SOL,2054,78.6766
RE1,MINSOL,SOL,2055,79.6174
RE1,MINSOL,SOL,2056,80.5859
RE1,MINSOL,SOL,2057,81.5829
RE1,MINSOL,SOL,2058,85.4832
RE1,MINSOL,SOL,2059,89.4037
RE1,MINSOL,SOL,2060,93.3543
RE1,MINSOL,SOL,2061,96.9768
RE1,MINSOL,SOL,2062,100.2094
RE1,MINSOL,SOL,2063,103.5792
RE1,MINSOL,SOL,2064,106.4772
RE1,MINSOL,SOL,2065,107.8894
RE1,MINSOL,SOL,2066,107.3917
RE1,MINSOL,SOL,2067,106.7698
RE1,MINSOL,SOL,2068,105.7058
RE1,MINSOL,SOL,2069,104.2687
RE1,MINSOL,SOL,2070,111.0363
RE1,MINWND,WND,2032,1.1781
RE1,MINWND,WND,2033,2.3563
RE1,MINWND,WND,2034,3.5344
RE1,MINWND,WND,2035,4.7125
RE1,MINWND,WND,2036,5.8907
RE1,MINWND,WND,2037,7.0688
RE1,MINWND,WND,2038,8.2469
RE1,MINWND,WND,2039,9.425
RE1,MINWND,WND,2040,10.6032
RE1,MINWND,WND,2041,11.7813
RE1,MINWND,WND,2042,12.9594
RE1,MINWND,WND,2043,14.1376
RE1,MINWND,WND,2044,15.3157
RE1,MINWND,WND,2045,16.4938
RE1,MINWND,WND,2046,17.672
RE1,MINWND,WND,2047,21.3175
RE1,MINWND,WND,2048,27.5768
RE1,MINWND,WND,2049,37.5353
RE1,MINWND,WND,2050,44.4946
RE1,MINWND,WND,2051,54.8754
RE1,MINWND,WND,2052,55.7382
RE1,MINWND,WND,2053,56.6262
RE1,MINWND,WND,2054,60.7948
RE1,MINWND,WND,2055,67.3558
RE1,MINWND,WND,2056,73.9278
RE1,MINWND,WND,2057,80.5117
RE1,MINWND,WND,2058,81.5382
RE1,MINWND,WND,2059,82.5951
RE1,MINWND,WND,2060,83.6835
RE1,MINWND,WND,2061,84.488
RE1,MINWND,WND,2062,85.8165
RE1,MINWND,WND,2063,86.9297
RE1,MINWND,WND,2064,88.9135
RE1,MINWND,WND,2065,92.7469
RE1,MINWND,WND,2066,95.76
RE1,MINWND,WND,2067,98.207
RE1,MINWND,WND,2068,101.354
RE1,MINWND,WND,2069,104.3075
RE1,MINWND,WND,2070,136.146
RE1,PWRBIO001,ELC001,2022,3.2946
RE1,PWRBIO001,ELC001,2023,11.0067
RE1,PWRBIO001,ELC001,2024,13.0214
RE1,PWRBIO001,ELC001,2025,13.3448
RE1,PWRBIO001,ELC001,2026,14.4563
RE1,PWRBIO001,ELC001,2027,15.2275
RE1,PWRBIO001,ELC001,2028,16.0427
RE1,PWRBIO001,ELC001,2029,16.9048
RE1,PWRBIO001,ELC001,2030,17.8166
RE1,PWRBIO001,ELC001,2031,18.5122
RE1,PWRBIO001,ELC001,2032,19.2699
RE1,PWRBIO001,ELC001,2033,20.0915
RE1,PWRBIO001,ELC001,2034,20.9795
RE1,PWRBIO001,ELC001,2035,22.9337
RE1,PWRBIO001,ELC001,2036,24.3245
RE1,PWRBIO001,ELC001,2037,25.8069
RE1,PWRBIO001,ELC001,2038,27.3879
RE1,PWRBIO001,ELC001,2039,29.0748
RE1,PWRBIO001,ELC001,2040,30.8758
RE1,PWRBIO001,ELC001,2041,32.3931
RE1,PWRBIO001,ELC001,2042,33.9906
RE1,PWRBIO001,ELC001,2043,35.6732
RE1,PWRBIO001,ELC001,2044,37.0459
RE1,PWRBIO001,ELC001,2045,38.0229
RE1,PWRBIO001,ELC001,2046,41.1082
RE1,PWRBIO001,ELC001,2047,43.0041
RE1,PWRBIO001,ELC001,2048,45.0077
RE1,PWRBIO001,ELC001,2049,47.1248
RE1,PWRBIO001,ELC001,2050,49.5467
RE1,PWRBIO001,ELC001,2051,65.5306
RE1,PWRBIO001,ELC001,2052,67.2561
RE1,PWRBIO001,ELC001,2053,69.0321
RE1,PWRBIO001,ELC001,2054,70.8601
RE1,PWRBIO001,ELC001,2055,72.7417
RE1,PWRBIO001,ELC001,2056,74.6787
RE1,PWRBIO001,ELC001,2057,76.6727
RE1,PWRBIO001,ELC001,2058,78.7257
RE1,PWRBIO001,ELC001,2059,80.8396
RE1,PWRBIO001,ELC001,2060,83.0162
RE1,PWRBIO001,ELC001,2061,84.6253
RE1,PWRBIO001,ELC001,2062,86.2679
RE1,PWRBIO001,ELC001,2063,87.9447
RE1,PWRBIO001,ELC001,2064,89.6566
RE1,PWRBIO001,ELC001,2065,91.4044
RE1,PWRBIO001,ELC001,2066,93.1892
RE1,PWRBIO001,ELC001,2067,95.0114
RE1,PWRBIO001,ELC001,2068,96.8722
RE1,PWRBIO001,ELC001,2069,98.7725
RE1,PWRBIO001,ELC001,2070,95.5574
RE1,PWRCOA001,ELC001,2022,3.1983
RE1,PWRCOA001,ELC001,2023,3.1983
RE1,PWRCOA001,ELC001,2024,3.1983
RE1,PWRCOA001,ELC001,2025,3.1983
RE1,PWRCOA001,ELC001,2026,3.1983
RE1,PWRDIST,ELC003,2015,13.6152
RE1,PWRDIST,ELC003,2016,13.9486
RE1,PWRDIST,ELC003,2017,14.2902
RE1,PWRDIST,ELC003,2018,14.6401
RE1,PWRDIST,ELC003,2019,14.9986
RE1,PWRDIST,ELC003,2020,15.3659
RE1,PWRDIST,ELC003,2021,21.9859
RE1,PWRDIST,ELC003,2022,28.761
RE1,PWRDIST,ELC003,2023,35.7569
RE1,PWRDIST,ELC003,2024,42.843
RE1,PWRDIST,ELC003,2025,50.2119
RE1,PWRDIST,ELC003,2026,53.5302
RE1,PWRDIST,ELC003,2027,56.308
RE1,PWRDIST,ELC003,2028,59.2387
RE1,PWRDIST,ELC003,2029,62.3325
RE1,PWRDIST,ELC003,2030,65.6018
RE1,PWRDIST,ELC003,2031,68.0263
RE1,PWRDIST,ELC003,2032,70.668
RE1,PWRDIST,ELC003,2033,73.5338
RE1,PWRDIST,ELC003,2034,76.6298
RE1,PWRDIST,ELC003,2035,83.6358
RE1,PWRDIST,ELC003,2036,88.5537
RE1,PWRDIST,ELC003,2037,93.7792
RE1,PWRDIST,ELC003,2038,96.9752
RE1,PWRDIST,ELC003,2039,98.3999
RE1,PWRDIST,ELC003,2040,100.2127
RE1,PWRDIST,ELC003,2041,104.2422
RE1,PWRDIST,ELC003,2042,108.4936
RE1,PWRDIST,ELC003,2043,112.823
RE1,PWRDIST,ELC003,2044,116.9586
RE1,PWRDIST,ELC003,2045,121.0728
RE1,PWRDIST,ELC003,2046,128.3141
RE1,PWRDIST,ELC003,2047,136.2181
RE1,PWRDIST,ELC003,2048,146.2718
RE1,PWRDIST,ELC003,2049,159.5701
RE1,PWRDIST,ELC003,2050,175.9728
RE1,PWRDIST,ELC003,2051,229.5676
RE1,PWRDIST,ELC003,2052,238.0934
RE1,PWRDIST,ELC003,2053,246.694
RE1,PWRDIST,ELC003,2054,257.205
RE1,PWRDIST,ELC003,2055,269.3248
RE1,PWRDIST,ELC003,2056,281.6354
RE1,PWRDIST,ELC003,2057,294.1427
RE1,PWRDIST,ELC003,2058,299.6037
RE1,PWRDIST,ELC003,2059,305.2156
RE1,PWRDIST,ELC003,2060,311.0633
RE1,PWRDIST,ELC003,2061,314.7712
RE1,PWRDIST,ELC003,2062,318.942
RE1,PWRDIST,ELC003,2063,323.1202
RE1,PWRDIST,ELC003,2064,327.9217
RE1,PWRDIST,ELC003,2065,334.2697
RE1,PWRDIST,ELC003,2066,342.8827
RE1,PWRDIST,ELC003,2067,351.6845
RE1,PWRDIST,ELC003,2068,360.9851
RE1,PWRDIST,ELC003,2069,370.3646
RE1,PWRDIST,ELC003,2070,383.4161
RE1,PWRHYD001,ELC001,2015,3.731
RE1,PWRHYD001,ELC001,2016,3.7195
RE1,PWRHYD001,ELC001,2017,4.1154
RE1,PWRHYD001,ELC001,2018,3.3044
RE1,PWRHYD001,ELC001,2019,3.4559
RE1,PWRHYD001,ELC001,2020,4.1109
RE1,PWRHYD001,ELC001,2021,7.0885
RE1,PWRHYD001,ELC001,2022,8.0796
RE1,PWRHYD001,ELC001,2023,8.0796
RE1,PWRHYD001,ELC001,2024,8.0796
RE1,PWRHYD001,ELC001,2025,8.0796
RE1,PWRHYD001,ELC001,2026,8.0796
RE1,PWRHYD001,ELC001,2027,8.0796
RE1,PWRHYD001,ELC001,2028,8.0796
RE1,PWRHYD001,ELC001,2029,8.0796
RE1,PWRHYD001,ELC001,2030,8.0796
RE1,PWRHYD001,ELC001,2031,8.0796
RE1,PWRHYD001,ELC001,2032,8.0796
RE1,PWRHYD001,ELC001,2033,8.0796
RE1,PWRHYD001,ELC001,2034,8.0796
RE1,PWRHYD001,ELC001,2035,8.0796
RE1,PWRHYD001,ELC001,2036,8.0796
RE1,PWRHYD001,ELC001,2037,8.0796
RE1,PWRHYD001,ELC001,2038,8.0796
RE1,PWRHYD001,ELC001,2039,8.0796
RE1,PWRHYD001,ELC001,2040,8.0796
RE1,PWRHYD001,ELC001,2041,8.0796
RE1,PWRHYD001,ELC001,2042,8.0796
RE1,PWRHYD001,ELC001,2043,8.0796
RE1,PWRHYD001,ELC001,2044,8.0796
RE1,PWRHYD001,ELC001,2045,8.0796
RE1,PWRHYD001,ELC001,2046,8.0796
RE1,PWRHYD001,ELC001,2047,8.0796
RE1,PWRHYD001,ELC001,2048,8.0796
RE1,PWRHYD001,ELC001,2049,8.0796
RE1,PWRHYD001,ELC001,2050,8.0796
RE1,PWRHYD001,ELC001,2051,8.0796
RE1,PWRHYD001,ELC001,2052,8.0796
RE1,PWRHYD001,ELC001,2053,8.0796
RE1,PWRHYD001,ELC001,2054,8.0796
RE1,PWRHYD001,ELC001,2055,8.0796
RE1,PWRHYD001,ELC001,2056,8.0796
RE1,PWRHYD001,ELC001,2057,8.0796
RE1,PWRHYD001,ELC001,2058,8.0796
RE1,PWRHYD001,ELC001,2059,8.0796
RE1,PWRHYD001,ELC001,2060,8.0796
RE1,PWRHYD001,ELC001,2061,8.0796
RE1,PWRHYD001,ELC001,2062,8.0796
RE1,PWRHYD001,ELC001,2063,8.0796
RE1,PWRHYD001,ELC001,2064,8.0796
RE1,PWRHYD001,ELC001,2065,8.0796
RE1,PWRHYD001,ELC001,2066,8.0796
RE1,PWRHYD001,ELC001,2067,8.0796
RE1,PWRHYD001,ELC001,2068,8.0796
RE1,PWRHYD001,ELC001,2069,8.0796
RE1,PWRHYD001,ELC001,2070,8.0796
RE1,PWRHYD002,ELC001,2015,1.5765
RE1,PWRHYD002,ELC001,2016,1.1853
RE1,PWRHYD002,ELC001,2017,1.4861
RE1,PWRHYD002,ELC001,2018,1.0267
RE1,PWRHYD002,ELC001,2019,1.2291
RE1,PWRHYD002,ELC001,2020,0.9358
RE1,PWRHYD002,ELC001,2021,3.0972
RE1,PWRHYD002,ELC001,2022,3.0972
RE1,PWRHYD002,ELC001,2023,3.0972
RE1,PWRHYD002,ELC001,2024,3.0972
RE1,PWRHYD002,ELC001,2025,3.0972
RE1,PWRHYD002,ELC001,2026,3.0972
RE1,PWRHYD002,ELC001,2027,3.0972
RE1,PWRHYD002,ELC001,2028,3.0972
RE1,PWRHYD002,ELC001,2029,3.0972
RE1,PWRHYD002,ELC001,2030,3.0972
RE1,PWRHYD002,ELC001,2031,3.0972
RE1,PWRHYD002,ELC001,2032,3.0972
RE1,PWRHYD002,ELC001,2033,3.0972
RE1,PWRHYD002,ELC001,2034,3.0972
RE1,PWRHYD002,ELC001,2035,3.0972
RE1,PWRHYD002,ELC001,2036,3.0972
RE1,PWRHYD002,ELC001,2037,3.0972
RE1,PWRHYD002,ELC001,2038,3.0972
RE1,PWRHYD002,ELC001,2039,3.0972
RE1,PWRHYD002,ELC001,2040,3.0972
RE1,PWRHYD002,ELC001,2041,3.0972
RE1,PWRHYD002,ELC001,2042,3.0972
RE1,PWRHYD002,ELC001,2043,3.0972
RE1,PWRHYD002,ELC001,2044,3.0972
RE1,PWRHYD002,ELC001,2045,3.0972
RE1,PWRHYD002,ELC001,2046,3.0972
RE1,PWRHYD002,ELC001,2047,3.0972
RE1,PWRHYD002,ELC001,2048,3.0972
RE1,PWRHYD002,ELC001,2049,3.0972
RE1,PWRHYD002,ELC001,2050,3.0972
RE1,PWRHYD002,ELC001,2051,3.0972
RE1,PWRHYD002,ELC001,2052,3.0972
RE1,PWRHYD002,ELC001,2053,3.0972
RE1,PWRHYD002,ELC001,2054,3.0972
RE1,PWRHYD002,ELC001,2055,3.0972
RE1,PWRHYD002,ELC001,2056,3.0972
RE1,PWRHYD002,ELC001,2057,3.0972
RE1,PWRHYD002,ELC001,2058,3.0972
RE1,PWRHYD002,ELC001,2059,3.0972
RE1,PWRHYD002,ELC001,2060,3.0972
RE1,PWRHYD002,ELC001,2061,3.0972
RE1,PWRHYD002,ELC001,2062,3.0972
RE1,PWRHYD002,ELC001,2063,3.0972
RE1,PWRHYD002,ELC001,2064,3.0972
RE1,PWRHYD002,ELC001,2065,3.0972
RE1,PWRHYD002,ELC001,2066,3.0972
RE1,PWRHYD002,ELC001,2067,3.0972
RE1,PWRHYD002,ELC001,2068,3.0972
RE1,PWRHYD002,ELC001,2069,3.0972
RE1,PWRHYD002,ELC001,2070,3.0972
RE1,PWRHYD003,ELC001,2021,2.0118
RE1,PWRHYD003,ELC001,2022,2.0118
RE1,PWRHYD003,ELC001,2023,2.0118
RE1,PWRHYD003,ELC001,2024,2.0118
RE1,PWRHYD003,ELC001,2025,2.0118
RE1,PWRHYD003,ELC001,2026,2.0118
RE1,PWRHYD003,ELC001,2027,2.0118
RE1,PWRHYD003,ELC001,2028,2.0118
RE1,PWRHYD003,ELC001,2029,2.0118
RE1,PWRHYD003,ELC001,2030,2.0118
RE1,PWRHYD003,ELC001,2031,2.0118
RE1,PWRHYD003,ELC001,2032,2.0118
RE1,PWRHYD003,ELC001,2033,2.0118
RE1,PWRHYD003,ELC001,2034,2.0118
RE1,PWRHYD003,ELC001,2035,2.0118
RE1,PWRHYD003,ELC001,2036,2.0118
RE1,PWRHYD003,ELC001,2037,2.0118
RE1,PWRHYD003,ELC001,2038,2.0118
RE1,PWRHYD003,ELC001,2039,2.0118
RE1,PWRHYD003,ELC001,2040,2.0118
RE1,PWRHYD003,ELC001,2041,2.0118
RE1,PWRHYD003,ELC001,2042,2.0118
RE1,PWRHYD003,ELC001,2043,2.0118
RE1,PWRHYD003,ELC001,2044,2.0118
RE1,PWRHYD003,ELC001,2045,2.0118
RE1,PWRHYD003,ELC001,2046,2.0118
RE1,PWRHYD003,ELC001,2047,2.0118
RE1,PWRHYD003,ELC001,2048,2.0118
RE1,PWRHYD003,ELC001,2049,2.0118
RE1,PWRHYD003,ELC001,2050,2.0118
RE1,PWRHYD003,ELC001,2051,2.0118
RE1,PWRHYD003,ELC001,2052,2.0118
RE1,PWRHYD003,ELC001,2053,2.0118
RE1,PWRHYD003,ELC001,2054,2.0118
RE1,PWRHYD003,ELC001,2055,2.0118
RE1,PWRHYD003,ELC001,2056,2.0118
RE1,PWRHYD003,ELC001,2057,2.0118
RE1,PWRHYD003,ELC001,2058,2.0118
RE1,PWRHYD003,ELC001,2059,2.0118
RE1,PWRHYD003,ELC001,2060,2.0118
RE1,PWRHYD003,ELC001,2061,2.0118
RE1,PWRHYD003,ELC001,2062,2.0118
RE1,PWRHYD003,ELC001,2063,2.0118
RE1,PWRHYD003,ELC001,2064,2.0118
RE1,PWRHYD003,ELC001,2065,2.0118
RE1,PWRHYD003,ELC001,2066,2.0118
RE1,PWRHYD003,ELC001,2067,2.0118
RE1,PWRHYD003,ELC001,2068,2.0118
RE1,PWRHYD003,ELC001,2069,2.0118
RE1,PWRHYD003,ELC001,2070,2.0118
RE1,PWRHYD004,ELC003,2021,0.2236
RE1,PWRHYD004,ELC003,2022,0.2236
RE1,PWRHYD004,ELC003,2023,0.2236
RE1,PWRHYD004,ELC003,2024,0.2236
RE1,PWRHYD004,ELC003,2025,0.2236
RE1,PWRHYD004,ELC003,2026,0.2236
RE1,PWRHYD004,ELC003,2027,0.2236
RE1,PWRHYD004,ELC003,2028,0.2236
RE1,PWRHYD004,ELC003,2029,0.2236
RE1,PWRHYD004,ELC003,2030,0.2236
RE1,PWRHYD004,ELC003,2031,0.2236
RE1,PWRHYD004,ELC003,2032,0.2236
RE1,PWRHYD004,ELC003,2033,0.2236
RE1,PWRHYD004,ELC003,2034,0.2236
RE1,PWRHYD004,ELC003,2035,0.2236
RE1,PWRHYD004,ELC003,2036,0.2236
RE1,PWRHYD004,ELC003,2037,0.2236
RE1,PWRHYD004,ELC003,2038,0.2236
RE1,PWRHYD004,ELC003,2039,0.2236
RE1,PWRHYD004,ELC003,2040,0.2236
RE1,PWRHYD004,ELC003,2041,0.2236
RE1,PWRHYD004,ELC003,2042,0.2236
RE1,PWRHYD004,ELC003,2043,0.2236
RE1,PWRHYD004,ELC003,2044,0.2236
RE1,PWRHYD004,ELC003,2045,0.2236
RE1,PWRHYD004,ELC003,2046,0.2236
RE1,PWRHYD004,ELC003,2047,0.2236
RE1,PWRHYD004,ELC003,2048,0.2236
RE1,PWRHYD004,ELC003,2049,0.2236
RE1,PWRHYD004,ELC003,2050,0.2236
RE1,PWRHYD004,ELC003,2051,0.2236
RE1,PWRHYD004,ELC003,2052,0.2236
RE1,PWRHYD004,ELC003,2053,0.2236
RE1,PWRHYD004,ELC003,2054,0.2236
RE1,PWRHYD004,ELC003,2055,0.2236
RE1,PWRHYD004,ELC003,2056,0.2236
RE1,PWRHYD004,ELC003,2057,0.2236
RE1,PWRHYD004,ELC003,2058,0.2236
RE1,PWRHYD004,ELC003,2059,0.2236
RE1,PWRHYD004,ELC003,2060,0.2236
RE1,PWRHYD004,ELC003,2061,0.2236
RE1,PWRHYD004,ELC003,2062,0.2236
RE1,PWRHYD004,ELC003,2063,0.2236
RE1,PWRHYD004,ELC003,2064,0.2236
RE1,PWRHYD004,ELC003,2065,0.2236
RE1,PWRHYD004,ELC003,2066,0.2236
RE1,PWRHYD004,ELC003,2067,0.2236
RE1,PWRHYD004,ELC003,2068,0.2236
RE1,PWRHYD004,ELC003,2069,0.2236
RE1,PWRHYD004,ELC003,2070,0.2236
RE1,PWRNGS001,ELC001,2024,2.9328
RE1,PWRNGS001,ELC001,2025,2.9328
RE1,PWRNGS001,ELC001,2026,4.3778
RE1,PWRNGS001,ELC001,2027,6.4114
RE1,PWRNGS001,ELC001,2028,7.9403
RE1,PWRNGS001,ELC001,2029,9.5479
RE1,PWRNGS001,ELC001,2030,11.2416
RE1,PWRNGS001,ELC001,2031,12.4325
RE1,PWRNGS001,ELC001,2032,12.5539
RE1,PWRNGS001,ELC001,2033,12.7865
RE1,PWRNGS001,ELC001,2034,13.1315
RE1,PWRNGS001,ELC001,2035,15.6101
RE1,PWRNGS001,ELC001,2036,16.9195
RE1,PWRNGS001,ELC001,2037,18.3697
RE1,PWRNGS001,ELC001,2038,17.3997
RE1,PWRNGS001,ELC001,2039,14.2829
RE1,PWRNGS001,ELC001,2040,11.357
RE1,PWRNGS001,ELC001,2041,11.4011
RE1,PWRNGS001,ELC001,2042,11.5163
RE1,PWRNGS001,ELC001,2043,11.536
RE1,PWRNGS001,ELC001,2044,11.5558
RE1,PWRNGS001,ELC001,2045,11.8746
RE1,PWRNGS001,ELC001,2046,13.4645
RE1,PWRNGS001,ELC001,2047,14.4043
RE1,PWRNGS001,ELC001,2048,14.8131
RE1,PWRNGS001,ELC001,2049,15.8239
RE1,PWRNGS001,ELC001,2050,16.9055
RE1,PWRNGS001,ELC001,2051,35.43
RE1,PWRNGS001,ELC001,2052,39.9995
RE1,PWRNGS001,ELC001,2053,44.5038
RE1,PWRNGS001,ELC001,2054,47.65
RE1,PWRNGS001,ELC001,2055,49.9936
RE1,PWRNGS001,ELC001,2056,52.3922
RE1,PWRNGS001,ELC001,2057,54.8473
RE1,PWRNGS001,ELC001,2058,55.2022
RE1,PWRNGS001,ELC001,2059,55.5538
RE1,PWRNGS001,ELC001,2060,55.9873
RE1,PWRNGS001,ELC001,2061,55.5533
RE1,PWRNGS001,ELC001,2062,55.0122
RE1,PWRNGS001,ELC001,2063,54.6172
RE1,PWRNGS001,ELC001,2064,53.9328
RE1,PWRNGS001,ELC001,2065,52.9536
RE1,PWRNGS001,ELC001,2066,55.1019
RE1,PWRNGS001,ELC001,2067,57.922
RE1,PWRNGS001,ELC001,2068,60.4724
RE1,PWRNGS001,ELC001,2069,63.2006
RE1,PWRNGS001,ELC001,2070,21.3196
RE1,PWRSOL001,ELC001,2015,0.1518
RE1,PWRSOL001,ELC001,2017,0.172
RE1,PWRSOL001,ELC001,2021,0.1777
RE1,PWRSOL001,ELC001,2022,0.1777
RE1,PWRSOL001,ELC001,2023,0.1777
RE1,PWRSOL001,ELC001,2024,3.025
RE1,PWRSOL001,ELC001,2025,6.8632
RE1,PWRSOL001,ELC001,2026,7.2281
RE1,PWRSOL001,ELC001,2027,7.6138
RE1,PWRSOL001,ELC001,2028,8.0214
RE1,PWRSOL001,ELC001,2029,8.4524
RE1,PWRSOL001,ELC001,2030,8.9083
RE1,PWRSOL001,ELC001,2031,9.2561
RE1,PWRSOL001,ELC001,2032,9.6349
RE1,PWRSOL001,ELC001,2033,10.0457
RE1,PWRSOL001,ELC001,2034,10.4898
RE1,PWRSOL001,ELC001,2035,11.4669
RE1,PWRSOL001,ELC001,2036,12.1622
RE1,PWRSOL001,ELC001,2037,12.9035
RE1,PWRSOL001,ELC001,2038,13.6939
RE1,PWRSOL001,ELC001,2039,14.5374
RE1,PWRSOL001,ELC001,2040,15.4379
RE1,PWRSOL001,ELC001,2041,16.1965
RE1,PWRSOL001,ELC001,2042,16.9953
RE1,PWRSOL001,ELC001,2043,17.8366
RE1,PWRSOL001,ELC001,2044,18.723
RE1,PWRSOL001,ELC001,2045,19.6258
RE1,PWRSOL001,ELC001,2046,20.5541
RE1,PWRSOL001,ELC001,2047,21.5021
RE1,PWRSOL001,ELC001,2048,22.5038
RE1,PWRSOL001,ELC001,2049,22.5038
RE1,PWRSOL001,ELC001,2050,25.6957
RE1,PWRSOL001,ELC001,2051,32.7653
RE1,PWRSOL001,ELC001,2052,33.628
RE1,PWRSOL001,ELC001,2053,34.516
RE1,PWRSOL001,ELC001,2054,35.43
RE1,PWRSOL001,ELC001,2055,36.3708
RE1,PWRSOL001,ELC001,2056,37.3393
RE1,PWRSOL001,ELC001,2057,38.3364
RE1,PWRSOL001,ELC001,2058,39.3629
RE1,PWRSOL001,ELC001,2059,40.4198
RE1,PWRSOL001,ELC001,2060,41.5081
RE1,PWRSOL001,ELC001,2061,42.3127
RE1,PWRSOL001,ELC001,2062,43.1339
RE1,PWRSOL001,ELC001,2063,43.9724
RE1,PWRSOL001,ELC001,2064,44.8283
RE1,PWRSOL001,ELC001,2065,45.7022
RE1,PWRSOL001,ELC001,2066,46.5946
RE1,PWRSOL001,ELC001,2067,47.5057
RE1,PWRSOL001,ELC001,2068,48.4361
RE1,PWRSOL001,ELC001,2069,49.3862
RE1,PWRSOL001,ELC001,2070,60.6317
RE1,PWRSOL001S,ELC001,2025,3.9285
RE1,PWRSOL001S,ELC001,2026,4.6084
RE1,PWRSOL001S,ELC001,2027,7.6138
RE1,PWRSOL001S,ELC001,2028,8.0214
RE1,PWRSOL001S,ELC001,2029,8.4524
RE1,PWRSOL001S,ELC001,2030,8.9083
RE1,PWRSOL001S,ELC001,2031,9.2561
RE1,PWRSOL001S,ELC001,2032,9.6349
RE1,PWRSOL001S,ELC001,2033,10.0457
RE1,PWRSOL001S,ELC001,2034,10.4898
RE1,PWRSOL001S,ELC001,2035,11.4668
RE1,PWRSOL001S,ELC001,2036,12.1622
RE1,PWRSOL001S,ELC001,2037,12.9035
RE1,PWRSOL001S,ELC001,2038,13.6939
RE1,PWRSOL001S,ELC001,2039,14.5374
RE1,PWRSOL001S,ELC001,2040,15.4379
RE1,PWRSOL001S,ELC001,2041,16.1966
RE1,PWRSOL001S,ELC001,2042,16.9953
RE1,PWRSOL001S,ELC001,2043,17.8366
RE1,PWRSOL001S,ELC001,2044,18.723
RE1,PWRSOL001S,ELC001,2045,19.6572
RE1,PWRSOL001S,ELC001,2046,20.5541
RE1,PWRSOL001S,ELC001,2047,21.5021
RE1,PWRSOL001S,ELC001,2048,22.5038
RE1,PWRSOL001S,ELC001,2049,23.5624
RE1,PWRSOL001S,ELC001,2050,27.3603
RE1,PWRSOL001S,ELC001,2051,32.7653
RE1,PWRSOL001S,ELC001,2052,33.6281
RE1,PWRSOL001S,ELC001,2053,34.516
RE1,PWRSOL001S,ELC001,2054,35.43
RE1,PWRSOL001S,ELC001,2055,36.3708
RE1,PWRSOL001S,ELC001,2056,37.3393
RE1,PWRSOL001S,ELC001,2057,38.3364
RE1,PWRSOL001S,ELC001,2058,39.3629
RE1,PWRSOL001S,ELC001,2059,40.4198
RE1,PWRSOL001S,ELC001,2060,41.5081
RE1,PWRSOL001S,ELC001,2061,42.3127
RE1,PWRSOL001S,ELC001,2062,43.1339
RE1,PWRSOL001S,ELC001,2063,43.9724
RE1,PWRSOL001S,ELC001,2064,44.8283
RE1,PWRSOL001S,ELC001,2065,45.7023
RE1,PWRSOL001S,ELC001,2066,46.5946
RE1,PWRSOL001S,ELC001,2067,47.5057
RE1,PWRSOL001S,ELC001,2068,48.4361
RE1,PWRSOL001S,ELC001,2069,49.3862
RE1,PWRSOL001S,ELC001,2070,64.7261
RE1,PWRSOL002,ELC003,2026,0.1692
RE1,PWRSOL002,ELC003,2027,0.1688
RE1,PWRSOL002,ELC003,2028,0.1686
RE1,PWRSOL002,ELC003,2029,0.1686
RE1,PWRSOL002,ELC003,2030,0.1664
RE1,PWRSOL002,ELC003,2031,0.1621
RE1,PWRSOL002,ELC003,2032,0.158
RE1,PWRSOL002,ELC003,2033,0.1531
RE1,PWRSOL002,ELC003,2034,0.1487
RE1,PWRSOL002,ELC003,2035,0.125
RE1,PWRSOL002,ELC003,2036,0.0996
RE1,PWRSOL002,ELC003,2037,0.0792
RE1,PWRSOL002,ELC003,2038,2.4245
RE1,PWRSOL002,ELC003,2039,6.9023
RE1,PWRSOL002,ELC003,2040,11.3802
RE1,PWRSOL002,ELC003,2041,12.6379
RE1,PWRSOL002,ELC003,2042,13.9693
RE1,PWRSOL002,ELC003,2043,15.4876
RE1,PWRSOL002,ELC003,2044,17.482
RE1,PWRSOL002,ELC003,2045,19.8692
RE1,PWRSOL002,ELC003,2046,24.347
RE1,PWRSOL002,ELC003,2047,28.8249
RE1,PWRSOL002,ELC003,2048,31.2262
RE1,PWRSOL002,ELC003,2049,31.2262
RE1,PWRSOL002,ELC003,2050,31.2262
RE1,PWRSOL002,ELC003,2051,35.6299
RE1,PWRSOL002,ELC003,2052,38.6785
RE1,PWRSOL002,ELC003,2053,41.8262
RE1,PWRSOL002,ELC003,2054,43.2465
RE1,PWRSOL002,ELC003,2055,43.2465
RE1,PWRSOL002,ELC003,2056,43.2465
RE1,PWRSOL002,ELC003,2057,43.2465
RE1,PWRSOL002,ELC003,2058,46.1204
RE1,PWRSOL002,ELC003,2059,48.9839
RE1,PWRSOL002,ELC003,2060,51.8462
RE1,PWRSOL002,ELC003,2061,54.6642
RE1,PWRSOL002,ELC003,2062,57.0754
RE1,PWRSOL002,ELC003,2063,59.6068
RE1,PWRSOL002,ELC003,2064,61.6488
RE1,PWRSOL002,ELC003,2065,62.1872
RE1,PWRSOL002,ELC003,2066,60.7971
RE1,PWRSOL002,ELC003,2067,59.2641
RE1,PWRSOL002,ELC003,2068,57.2697
RE1,PWRSOL002,ELC003,2069,54.8825
RE1,PWRSOL002,ELC003,2070,50.4047
RE1,PWRTRN,ELC002,2015,14.3552
RE1,PWRTRN,ELC002,2016,15.2024
RE1,PWRTRN,ELC002,2017,15.531
RE1,PWRTRN,ELC002,2018,15.8669
RE1,PWRTRN,ELC002,2019,16.2102
RE1,PWRTRN,ELC002,2020,16.561
RE1,PWRTRN,ELC002,2021,23.6696
RE1,PWRTRN,ELC002,2022,30.9292
RE1,PWRTRN,ELC002,2023,38.4099
RE1,PWRTRN,ELC002,2024,45.9709
RE1,PWRTRN,ELC002,2025,53.8183
RE1,PWRTRN,ELC002,2026,57.3115
RE1,PWRTRN,ELC002,2027,60.2191
RE1,PWRTRN,ELC002,2028,63.2837
RE1,PWRTRN,ELC002,2029,66.5154
RE1,PWRTRN,ELC002,2030,69.9273
RE1,PWRTRN,ELC002,2031,72.432
RE1,PWRTRN,ELC002,2032,75.1623
RE1,PWRTRN,ELC002,2033,78.1246
RE1,PWRTRN,ELC002,2034,81.3249
RE1,PWRTRN,ELC002,2035,88.663
RE1,PWRTRN,ELC002,2036,93.7741
RE1,PWRTRN,ELC002,2037,99.1994
RE1,PWRTRN,ELC002,2038,102.4684
RE1,PWRTRN,ELC002,2039,103.8606
RE1,PWRTRN,ELC002,2040,105.6591
RE1,PWRTRN,ELC002,2041,109.7882
RE1,PWRTRN,ELC002,2042,114.1419
RE1,PWRTRN,ELC002,2043,118.568
RE1,PWRTRN,ELC002,2044,122.7812
RE1,PWRTRN,ELC002,2045,126.9627
RE1,PWRTRN,ELC002,2046,134.4111
RE1,PWRTRN,ELC002,2047,142.5368
RE1,PWRTRN,ELC002,2048,152.8918
RE1,PWRTRN,ELC002,2049,166.6125
RE1,PWRTRN,ELC002,2050,183.5415
RE1,PWRTRN,ELC002,2051,239.1843
RE1,PWRTRN,ELC002,2052,247.8011
RE1,PWRTRN,ELC002,2053,256.4771
RE1,PWRTRN,ELC002,2054,267.1187
RE1,PWRTRN,ELC002,2055,279.4065
RE1,PWRTRN,ELC002,2056,291.8657
RE1,PWRTRN,ELC002,2057,304.502
RE1,PWRTRN,ELC002,2058,309.8248
RE1,PWRTRN,ELC002,2059,315.2919
RE1,PWRTRN,ELC002,2060,320.9908
RE1,PWRTRN,ELC002,2061,324.4718
RE1,PWRTRN,ELC002,2062,328.4222
RE1,PWRTRN,ELC002,2063,332.3718
RE1,PWRTRN,ELC002,2064,336.9535
RE1,PWRTRN,ELC002,2065,343.1128
RE1,PWRTRN,ELC002,2066,351.5816
RE1,PWRTRN,ELC002,2067,360.2259
RE1,PWRTRN,ELC002,2068,369.3624
RE1,PWRTRN,ELC002,2069,378.5602
RE1,PWRTRN,ELC002,2070,391.488
RE1,PWRTRNIMP,ELC001,2015,9.641
RE1,PWRTRNIMP,ELC001,2016,11.106
RE1,PWRTRNIMP,ELC001,2017,10.58
RE1,PWRTRNIMP,ELC001,2018,12.416
RE1,PWRTRNIMP,ELC001,2019,12.416
RE1,PWRTRNIMP,ELC001,2020,12.416
RE1,PWRTRNIMP,ELC001,2021,12.416
RE1,PWRTRNIMP,ELC001,2022,12.416
RE1,PWRTRNIMP,ELC001,2023,12.416
RE1,PWRTRNIMP,ELC001,2024,12.416
RE1,PWRTRNIMP,ELC001,2025,12.416
RE1,PWRTRNIMP,ELC001,2026,12.416
RE1,PWRTRNIMP,ELC001,2027,12.416
RE1,PWRTRNIMP,ELC001,2028,12.416
RE1,PWRTRNIMP,ELC001,2029,12.416
RE1,PWRTRNIMP,ELC001,2030,12.416
RE1,PWRTRNIMP,ELC001,2031,12.416
RE1,PWRTRNIMP,ELC001,2032,12.416
RE1,PWRTRNIMP,ELC001,2033,12.416
RE1,PWRTRNIMP,ELC001,2034,12.416
RE1,PWRTRNIMP,ELC001,2035,12.416
RE1,PWRTRNIMP,ELC001,2036,12.416
RE1,PWRTRNIMP,ELC001,2037,12.416
RE1,PWRTRNIMP,ELC001,2038,12.416
RE1,PWRTRNIMP,ELC001,2039,12.416
RE1,PWRTRNIMP,ELC001,2040,12.416
RE1,PWRTRNIMP,ELC001,2041,12.416
RE1,PWRTRNIMP,ELC001,2042,12.416
RE1,PWRTRNIMP,ELC001,2043,12.416
RE1,PWRTRNIMP,ELC001,2044,12.416
RE1,PWRTRNIMP,ELC001,2045,12.416
RE1,PWRTRNIMP,ELC001,2046,12.416
RE1,PWRTRNIMP,ELC001,2047,12.416
RE1,PWRTRNIMP,ELC001,2048,12.416
RE1,PWRTRNIMP,ELC001,2049,12.416
RE1,PWRTRNIMP,ELC001,2050,12.416
RE1,PWRTRNIMP,ELC001,2051,12.416
RE1,PWRTRNIMP,ELC001,2052,12.416
RE1,PWRTRNIMP,ELC001,2053,12.416
RE1,PWRTRNIMP,ELC001,2054,12.416
RE1,PWRTRNIMP,ELC001,2055,12.416
RE1,PWRTRNIMP,ELC001,2056,12.416
RE1,PWRTRNIMP,ELC001,2057,12.416
RE1,PWRTRNIMP,ELC001,2058,12.416
RE1,PWRTRNIMP,ELC001,2059,12.416
RE1,PWRTRNIMP,ELC001,2060,12.416
RE1,PWRTRNIMP,ELC001,2061,12.416
RE1,PWRTRNIMP,ELC001,2062,12.416
RE1,PWRTRNIMP,ELC001,2063,12.416
RE1,PWRTRNIMP,ELC001,2064,12.416
RE1,PWRTRNIMP,ELC001,2065,12.416
RE1,PWRTRNIMP,ELC001,2066,12.416
RE1,PWRTRNIMP,ELC001,2067,12.416
RE1,PWRTRNIMP,ELC001,2068,12.416
RE1,PWRTRNIMP,ELC001,2069,12.416
RE1,PWRTRNIMP,ELC001,2070,12.416
RE1,PWRWND001,ELC001,2032,1.1781
RE1,PWRWND001,ELC001,2033,2.3563
RE1,PWRWND001,ELC001,2034,3.5344
RE1,PWRWND001,ELC001,2035,4.7125
RE1,PWRWND001,ELC001,2036,5.8907
RE1,PWRWND001,ELC001,2037,7.0688
RE1,PWRWND001,ELC001,2038,8.2469
RE1,PWRWND001,ELC001,2039,9.425
RE1,PWRWND001,ELC001,2040,10.6032
RE1,PWRWND001,ELC001,2041,11.7813
RE1,PWRWND001,ELC001,2042,12.9594
RE1,PWRWND001,ELC001,2043,14.1376
RE1,PWRWND001,ELC001,2044,15.3157
RE1,PWRWND001,ELC001,2045,16.4938
RE1,PWRWND001,ELC001,2046,17.672
RE1,PWRWND001,ELC001,2047,18.8501
RE1,PWRWND001,ELC001,2048,20.0282
RE1,PWRWND001,ELC001,2049,21.2063
RE1,PWRWND001,ELC001,2050,22.3845
RE1,PWRWND001,ELC001,2051,32.7653
RE1,PWRWND001,ELC001,2052,33.6281
RE1,PWRWND001,ELC001,2053,34.516
RE1,PWRWND001,ELC001,2054,35.43
RE1,PWRWND001,ELC001,2055,36.3708
RE1,PWRWND001,ELC001,2056,37.3393
RE1,PWRWND001,ELC001,2057,38.3363
RE1,PWRWND001,ELC001,2058,39.3629
RE1,PWRWND001,ELC001,2059,40.4198
RE1,PWRWND001,ELC001,2060,41.5081
RE1,PWRWND001,ELC001,2061,42.3126
RE1,PWRWND001,ELC001,2062,41.1345
RE1,PWRWND001,ELC001,2063,39.9564
RE1,PWRWND001,ELC001,2064,38.7782
RE1,PWRWND001,ELC001,2065,37.6001
RE1,PWRWND001,ELC001,2066,36.422
RE1,PWRWND001,ELC001,2067,35.2439
RE1,PWRWND001,ELC001,2068,34.0658
RE1,PWRWND001,ELC001,2069,32.8876
RE1,PWRWND001,ELC001,2070,64.726
RE1,PWRWND001S,ELC001,2047,2.4674
RE1,PWRWND001S,ELC001,2048,7.5486
RE1,PWRWND001S,ELC001,2049,16.329
RE1,PWRWND001S,ELC001,2050,22.1101
RE1,PWRWND001S,ELC001,2051,22.1101
RE1,PWRWND001S,ELC001,2052,22.1101
RE1,PWRWND001S,ELC001,2053,22.1101
RE1,PWRWND001S,ELC001,2054,25.3648
RE1,PWRWND001S,ELC001,2055,30.9849
RE1,PWRWND001S,ELC001,2056,36.5885
RE1,PWRWND001S,ELC001,2057,42.1753
RE1,PWRWND001S,ELC001,2058,42.1753
RE1,PWRWND001S,ELC001,2059,42.1753
RE1,PWRWND001S,ELC001,2060,42.1753
RE1,PWRWND001S,ELC001,2061,42.1753
RE1,PWRWND001S,ELC001,2062,44.682
RE1,PWRWND001S,ELC001,2063,46.9733
RE1,PWRWND001S,ELC001,2064,50.1352
RE1,PWRWND001S,ELC001,2065,55.1467
RE1,PWRWND001S,ELC001,2066,59.338
RE1,PWRWND001S,ELC001,2067,62.9631
RE1,PWRWND001S,ELC001,2068,67.2883
RE1,PWRWND001S,ELC001,2069,71.4199
RE1,PWRWND001S,ELC001,2070,71.4199
