r,t,f,y,UseByTechnologyAnnual
RE1,DEMCOMHEBIO,BIO,2015,0.1598
RE1,DEMCOMHEBIO,BIO,2016,0.1683
RE1,DEMCOMHEBIO,BIO,2017,0.1773
RE1,DEMCOMHEBIO,BIO,2018,0.1868
RE1,DEMCOMHEBIO,BIO,2019,0.1968
RE1,DEMCOMHEBIO,BIO,2020,0.2073
RE1,DEMCOMHEBIO,BIO,2021,0.2152
RE1,DEMCOMHEBIO,BIO,2022,0.2235
RE1,DEMCOMHEBIO,BIO,2023,0.232
RE1,DEMCOMHEBIO,BIO,2024,0.2406
RE1,DEMCOMHEBIO,BIO,2025,0.2496
RE1,DEMCOMHEBIO,BIO,2026,0.2587
RE1,DEMCOMHEBIO,BIO,2027,0.2679
RE1,DEMCOMHEBIO,BIO,2028,0.2776
RE1,DEMCOMHEBIO,BIO,2029,0.2876
RE1,DEMCOMHEBIO,BIO,2030,0.2978
RE1,DEMCOMHEBIO,BIO,2031,0.3024
RE1,DEMCOMHEBIO,BIO,2032,0.3074
RE1,DEMCOMHEBIO,BIO,2033,0.3129
RE1,DEMCOMHEBIO,BIO,2034,0.3189
RE1,DEMCOMHEBIO,BIO,2035,0.34
RE1,DEMCOMHEBIO,BIO,2036,0.3516
RE1,DEMCOMHEBIO,BIO,2037,0.3634
RE1,DEMCOMHEBIO,BIO,2038,0.3757
RE1,DEMCOMHEBIO,BIO,2039,0.3883
RE1,DEMCOMHEBIO,BIO,2040,0.4012
RE1,DEMCOMHEBIO,BIO,2041,0.4116
RE1,DEMCOMHEBIO,BIO,2042,0.4222
RE1,DEMCOMHEBIO,BIO,2043,0.4329
RE1,DEMCOMHEBIO,BIO,2044,0.444
RE1,DEMCOMHEBIO,BIO,2045,0.4552
RE1,DEMCOMHEBIO,BIO,2046,0.4648
RE1,DEMCOMHEBIO,BIO,2047,0.4745
RE1,DEMCOMHEBIO,BIO,2048,0.4846
RE1,DEMCOMHEBIO,BIO,2049,0.495
RE1,DEMCOMHEBIO,BIO,2050,0.5057
RE1,DEMCOMHEBIO,BIO,2051,0.514
RE1,DEMCOMHEBIO,BIO,2052,0.5224
RE1,DEMCOMHEBIO,BIO,2053,0.5311
RE1,DEMCOMHEBIO,BIO,2054,0.5398
RE1,DEMCOMHEBIO,BIO,2055,0.5487
RE1,DEMCOMHEBIO,BIO,2056,0.5577
RE1,DEMCOMHEBIO,BIO,2057,0.5668
RE1,DEMCOMHEBIO,BIO,2058,0.5762
RE1,DEMCOMHEBIO,BIO,2059,0.5856
RE1,DEMCOMHEBIO,BIO,2060,0.5952
RE1,DEMCOMHEBIO,BIO,2061,0.603
RE1,DEMCOMHEBIO,BIO,2062,0.611
RE1,DEMCOMHEBIO,BIO,2063,0.6189
RE1,DEMCOMHEBIO,BIO,2064,0.627
RE1,DEMCOMHEBIO,BIO,2065,0.6351
RE1,DEMCOMHEBIO,BIO,2066,0.6434
RE1,DEMCOMHEBIO,BIO,2067,0.6518
RE1,DEMCOMHEBIO,BIO,2068,0.6604
RE1,DEMCOMHEBIO,BIO,2069,0.669
RE1,DEMCOMHEBIO,BIO,2070,0.6778
RE1,DEMINDELC,ELC003,2015,13.6152
RE1,DEMINDELC,ELC003,2016,13.9486
RE1,DEMINDELC,ELC003,2017,14.2902
RE1,DEMINDELC,ELC003,2018,14.6401
RE1,DEMINDELC,ELC003,2019,14.9986
RE1,DEMINDELC,ELC003,2020,15.3659
RE1,DEMINDELC,ELC003,2021,16.5035
RE1,DEMINDELC,ELC003,2022,17.7204
RE1,DEMINDELC,ELC003,2023,19.0222
RE1,DEMINDELC,ELC003,2024,20.4152
RE1,DEMINDELC,ELC003,2025,21.9056
RE1,DEMINDELC,ELC003,2026,23.4771
RE1,DEMINDELC,ELC003,2027,25.1581
RE1,DEMINDELC,ELC003,2028,26.9565
RE1,DEMINDELC,ELC003,2029,28.8807
RE1,DEMINDELC,ELC003,2030,30.9395
RE1,DEMINDELC,ELC003,2031,32.8209
RE1,DEMINDELC,ELC003,2032,34.8632
RE1,DEMINDELC,ELC003,2033,37.0756
RE1,DEMINDELC,ELC003,2034,39.4691
RE1,DEMINDELC,ELC003,2035,43.9659
RE1,DEMINDELC,ELC003,2036,47.4965
RE1,DEMINDELC,ELC003,2037,51.3012
RE1,DEMINDELC,ELC003,2038,55.4017
RE1,DEMINDELC,ELC003,2039,59.8216
RE1,DEMINDELC,ELC003,2040,64.5858
RE1,DEMINDELC,ELC003,2041,68.6548
RE1,DEMINDELC,ELC003,2042,72.9709
RE1,DEMINDELC,ELC003,2043,77.5493
RE1,DEMINDELC,ELC003,2044,82.4066
RE1,DEMINDELC,ELC003,2045,87.56
RE1,DEMINDELC,ELC003,2046,92.6311
RE1,DEMINDELC,ELC003,2047,98.0148
RE1,DEMINDELC,ELC003,2048,103.7296
RE1,DEMINDELC,ELC003,2049,109.7949
RE1,DEMINDELC,ELC003,2050,116.2315
RE1,DEMINDELC,ELC003,2051,120.23
RE1,DEMINDELC,ELC003,2052,124.3657
RE1,DEMINDELC,ELC003,2053,128.6433
RE1,DEMINDELC,ELC003,2054,133.0675
RE1,DEMINDELC,ELC003,2055,137.6435
RE1,DEMINDELC,ELC003,2056,142.3764
RE1,DEMINDELC,ELC003,2057,147.2715
RE1,DEMINDELC,ELC003,2058,152.3346
RE1,DEMINDELC,ELC003,2059,157.5715
RE1,DEMINDELC,ELC003,2060,162.9882
RE1,DEMINDELC,ELC003,2061,166.8674
RE1,DEMINDELC,ELC003,2062,170.8388
RE1,DEMINDELC,ELC003,2063,174.9049
RE1,DEMINDELC,ELC003,2064,179.0679
RE1,DEMINDELC,ELC003,2065,183.3303
RE1,DEMINDELC,ELC003,2066,187.6946
RE1,DEMINDELC,ELC003,2067,192.1634
RE1,DEMINDELC,ELC003,2068,196.7392
RE1,DEMINDELC,ELC003,2069,201.4247
RE1,DEMINDELC,ELC003,2070,206.2227
RE1,DEMINDHEBIO,BIO,2015,1.3891
RE1,DEMINDHEBIO,BIO,2016,1.3891
RE1,DEMINDHEBIO,BIO,2017,5.2959
RE1,DEMINDHEBIO,BIO,2018,9.2026
RE1,DEMINDHEBIO,BIO,2019,13.1093
RE1,DEMINDHEBIO,BIO,2020,17.016
RE1,DEMINDHEBIO,BIO,2021,17.2313
RE1,DEMINDHEBIO,BIO,2022,17.4445
RE1,DEMINDHEBIO,BIO,2023,17.656
RE1,DEMINDHEBIO,BIO,2024,17.8659
RE1,DEMINDHEBIO,BIO,2025,18.0746
RE1,DEMINDHEBIO,BIO,2026,18.2643
RE1,DEMINDHEBIO,BIO,2027,18.4534
RE1,DEMINDHEBIO,BIO,2028,18.6427
RE1,DEMINDHEBIO,BIO,2029,18.8318
RE1,DEMINDHEBIO,BIO,2030,19.0213
RE1,DEMINDHEBIO,BIO,2031,18.6739
RE1,DEMINDHEBIO,BIO,2032,18.3574
RE1,DEMINDHEBIO,BIO,2033,18.0672
RE1,DEMINDHEBIO,BIO,2034,17.7999
RE1,DEMINDHEBIO,BIO,2035,18.3499
RE1,DEMINDHEBIO,BIO,2036,18.3459
RE1,DEMINDHEBIO,BIO,2037,18.3384
RE1,DEMINDHEBIO,BIO,2038,18.3279
RE1,DEMINDHEBIO,BIO,2039,18.315
RE1,DEMINDHEBIO,BIO,2040,18.2996
RE1,DEMINDHEBIO,BIO,2041,18.2083
RE1,DEMINDHEBIO,BIO,2042,18.1149
RE1,DEMINDHEBIO,BIO,2043,18.02
RE1,DEMINDHEBIO,BIO,2044,17.9237
RE1,DEMINDHEBIO,BIO,2045,17.8263
RE1,DEMINDHEBIO,BIO,2046,17.6523
RE1,DEMINDHEBIO,BIO,2047,17.4834
RE1,DEMINDHEBIO,BIO,2048,17.3191
RE1,DEMINDHEBIO,BIO,2049,17.1591
RE1,DEMINDHEBIO,BIO,2050,17.0032
RE1,DEMINDHEBIO,BIO,2051,16.843
RE1,DEMINDHEBIO,BIO,2052,16.6844
RE1,DEMINDHEBIO,BIO,2053,16.5272
RE1,DEMINDHEBIO,BIO,2054,16.3715
RE1,DEMINDHEBIO,BIO,2055,16.2171
RE1,DEMINDHEBIO,BIO,2056,16.0642
RE1,DEMINDHEBIO,BIO,2057,15.9126
RE1,DEMINDHEBIO,BIO,2058,15.7624
RE1,DEMINDHEBIO,BIO,2059,15.6137
RE1,DEMINDHEBIO,BIO,2060,15.4662
RE1,DEMINDHEBIO,BIO,2061,15.3147
RE1,DEMINDHEBIO,BIO,2062,15.1648
RE1,DEMINDHEBIO,BIO,2063,15.0162
RE1,DEMINDHEBIO,BIO,2064,14.8691
RE1,DEMINDHEBIO,BIO,2065,14.7235
RE1,DEMINDHEBIO,BIO,2066,14.5793
RE1,DEMINDHEBIO,BIO,2067,14.4366
RE1,DEMINDHEBIO,BIO,2068,14.2953
RE1,DEMINDHEBIO,BIO,2069,14.1555
RE1,DEMINDHEBIO,BIO,2070,14.0171
RE1,DEMINDHECOA,COA,2015,8.1033
RE1,DEMINDHECOA,COA,2016,8.5372
RE1,DEMINDHECOA,COA,2017,8.9943
RE1,DEMINDHECOA,COA,2018,9.4759
RE1,DEMINDHECOA,COA,2019,9.9832
RE1,DEMINDHECOA,COA,2020,10.5178
RE1,DEMINDHECOA,COA,2021,10.9212
RE1,DEMINDHECOA,COA,2022,11.337
RE1,DEMINDHECOA,COA,2023,11.7657
RE1,DEMINDHECOA,COA,2024,12.2078
RE1,DEMINDHECOA,COA,2025,12.664
RE1,DEMINDHECOA,COA,2026,13.1215
RE1,DEMINDHECOA,COA,2027,13.5941
RE1,DEMINDHECOA,COA,2028,14.082
RE1,DEMINDHECOA,COA,2029,14.586
RE1,DEMINDHECOA,COA,2030,15.1068
RE1,DEMINDHECOA,COA,2031,15.339
RE1,DEMINDHECOA,COA,2032,15.5956
RE1,DEMINDHECOA,COA,2033,15.8749
RE1,DEMINDHECOA,COA,2034,16.1759
RE1,DEMINDHECOA,COA,2035,17.2472
RE1,DEMINDHECOA,COA,2036,17.8341
RE1,DEMINDHECOA,COA,2037,18.4377
RE1,DEMINDHECOA,COA,2038,19.0585
RE1,DEMINDHECOA,COA,2039,19.6975
RE1,DEMINDHECOA,COA,2040,20.3554
RE1,DEMINDHECOA,COA,2041,20.8804
RE1,DEMINDHECOA,COA,2042,21.4162
RE1,DEMINDHECOA,COA,2043,21.9632
RE1,DEMINDHECOA,COA,2044,22.5219
RE1,DEMINDHECOA,COA,2045,23.0927
RE1,DEMINDHECOA,COA,2046,23.5749
RE1,DEMINDHECOA,COA,2047,24.0719
RE1,DEMINDHECOA,COA,2048,24.5836
RE1,DEMINDHECOA,COA,2049,25.1102
RE1,DEMINDHECOA,COA,2050,25.6517
RE1,DEMINDHECOA,COA,2051,26.074
RE1,DEMINDHECOA,COA,2052,26.5031
RE1,DEMINDHECOA,COA,2053,26.9391
RE1,DEMINDHECOA,COA,2054,27.3822
RE1,DEMINDHECOA,COA,2055,27.8326
RE1,DEMINDHECOA,COA,2056,28.2901
RE1,DEMINDHECOA,COA,2057,28.7553
RE1,DEMINDHECOA,COA,2058,29.2279
RE1,DEMINDHECOA,COA,2059,29.7083
RE1,DEMINDHECOA,COA,2060,30.1965
RE1,DEMINDHECOA,COA,2061,30.5906
RE1,DEMINDHECOA,COA,2062,30.9899
RE1,DEMINDHECOA,COA,2063,31.3943
RE1,DEMINDHECOA,COA,2064,31.8041
RE1,DEMINDHECOA,COA,2065,32.2194
RE1,DEMINDHECOA,COA,2066,32.64
RE1,DEMINDHECOA,COA,2067,33.0663
RE1,DEMINDHECOA,COA,2068,33.4983
RE1,DEMINDHECOA,COA,2069,33.9359
RE1,DEMINDHECOA,COA,2070,34.3795
RE1,DEMRESCKNBIO,BIO,2015,23.8678
RE1,DEMRESCKNBIO,BIO,2016,23.8966
RE1,DEMRESCKNBIO,BIO,2017,89.5304
RE1,DEMRESCKNBIO,BIO,2018,155.1658
RE1,DEMRESCKNBIO,BIO,2019,220.8034
RE1,DEMRESCKNBIO,BIO,2020,286.4422
RE1,DEMRESCKNBIO,BIO,2021,290.0857
RE1,DEMRESCKNBIO,BIO,2022,293.6932
RE1,DEMRESCKNBIO,BIO,2023,297.2713
RE1,DEMRESCKNBIO,BIO,2024,300.8261
RE1,DEMRESCKNBIO,BIO,2025,304.3626
RE1,DEMRESCKNBIO,BIO,2026,307.5766
RE1,DEMRESCKNBIO,BIO,2027,310.7856
RE1,DEMRESCKNBIO,BIO,2028,313.9946
RE1,DEMRESCKNBIO,BIO,2029,317.2064
RE1,DEMRESCKNBIO,BIO,2030,320.4237
RE1,DEMRESCKNBIO,BIO,2031,314.6053
RE1,DEMRESCKNBIO,BIO,2032,309.3059
RE1,DEMRESCKNBIO,BIO,2033,304.4519
RE1,DEMRESCKNBIO,BIO,2034,299.983
RE1,DEMRESCKNBIO,BIO,2035,309.2904
RE1,DEMRESCKNBIO,BIO,2036,309.261
RE1,DEMRESCKNBIO,BIO,2037,309.1761
RE1,DEMRESCKNBIO,BIO,2038,309.0434
RE1,DEMRESCKNBIO,BIO,2039,308.868
RE1,DEMRESCKNBIO,BIO,2040,308.6549
RE1,DEMRESCKNBIO,BIO,2041,307.1542
RE1,DEMRESCKNBIO,BIO,2042,305.4981
RE1,DEMRESCKNBIO,BIO,2043,303.9404
RE1,DEMRESCKNBIO,BIO,2044,302.4856
RE1,DEMRESCKNBIO,BIO,2045,300.7639
RE1,DEMRESCKNBIO,BIO,2046,297.9989
RE1,DEMRESCKNBIO,BIO,2047,293.6516
RE1,DEMRESCKNBIO,BIO,2048,290.9277
RE1,DEMRESCKNBIO,BIO,2049,285.8539
RE1,DEMRESCKNBIO,BIO,2050,272.0172
RE1,DEMRESCKNBIO,BIO,2051,274.6628
RE1,DEMRESCKNBIO,BIO,2052,271.6277
RE1,DEMRESCKNBIO,BIO,2053,268.6037
RE1,DEMRESCKNBIO,BIO,2054,265.5685
RE1,DEMRESCKNBIO,BIO,2055,262.5244
RE1,DEMRESCKNBIO,BIO,2056,259.4889
RE1,DEMRESCKNBIO,BIO,2057,256.4605
RE1,DEMRESCKNBIO,BIO,2058,253.474
RE1,DEMRESCKNBIO,BIO,2059,250.4931
RE1,DEMRESCKNBIO,BIO,2060,247.5178
RE1,DEMRESCKNBIO,BIO,2061,244.6328
RE1,DEMRESCKNBIO,BIO,2062,242.14
RE1,DEMRESCKNBIO,BIO,2063,239.6788
RE1,DEMRESCKNBIO,BIO,2064,237.2313
RE1,DEMRESCKNBIO,BIO,2065,235.2961
RE1,DEMRESCKNBIO,BIO,2066,232.334
RE1,DEMRESCKNBIO,BIO,2067,229.8999
RE1,DEMRESCKNBIO,BIO,2068,228.0528
RE1,DEMRESCKNBIO,BIO,2069,228.6711
RE1,DEMRESCKNBIO,BIO,2070,221.7514
RE1,DEMRESCKNELC,ELC003,2042,0.0236
RE1,DEMRESCKNELC,ELC003,2043,0.0236
RE1,DEMRESCKNELC,ELC003,2045,0.0236
RE1,DEMRESCKNELC,ELC003,2047,0.2922
RE1,DEMRESCKNELC,ELC003,2048,0.2922
RE1,DEMRESCKNELC,ELC003,2049,0.7505
RE1,DEMRESCKNELC,ELC003,2050,2.8792
RE1,DEMRESCKNELC,ELC003,2051,1.8754
RE1,DEMRESCKNELC,ELC003,2052,1.9511
RE1,DEMRESCKNELC,ELC003,2053,2.0293
RE1,DEMRESCKNELC,ELC003,2054,2.1143
RE1,DEMRESCKNELC,ELC003,2055,2.2054
RE1,DEMRESCKNELC,ELC003,2056,2.2997
RE1,DEMRESCKNELC,ELC003,2057,2.397
RE1,DEMRESCKNELC,ELC003,2058,2.491
RE1,DEMRESCKNELC,ELC003,2059,2.5883
RE1,DEMRESCKNELC,ELC003,2060,2.6891
RE1,DEMRESCKNELC,ELC003,2061,2.7586
RE1,DEMRESCKNELC,ELC003,2062,2.7586
RE1,DEMRESCKNELC,ELC003,2063,2.7573
RE1,DEMRESCKNELC,ELC003,2064,2.7583
RE1,DEMRESCKNELC,ELC003,2065,2.6671
RE1,DEMRESCKNELC,ELC003,2066,2.7748
RE1,DEMRESCKNELC,ELC003,2067,2.7874
RE1,DEMRESCKNELC,ELC003,2068,2.6934
RE1,DEMRESCKNELC,ELC003,2069,2.1378
RE1,DEMRESCKNELC,ELC003,2070,3.0129
RE1,DEMRESHEBIO,BIO,2015,2.2477
RE1,DEMRESHEBIO,BIO,2016,2.2504
RE1,DEMRESHEBIO,BIO,2017,8.4312
RE1,DEMRESHEBIO,BIO,2018,14.6121
RE1,DEMRESHEBIO,BIO,2019,20.7932
RE1,DEMRESHEBIO,BIO,2020,26.9745
RE1,DEMRESHEBIO,BIO,2021,27.3176
RE1,DEMRESHEBIO,BIO,2022,27.6573
RE1,DEMRESHEBIO,BIO,2023,27.9943
RE1,DEMRESHEBIO,BIO,2024,28.329
RE1,DEMRESHEBIO,BIO,2025,28.6621
RE1,DEMRESHEBIO,BIO,2026,28.9648
RE1,DEMRESHEBIO,BIO,2027,29.267
RE1,DEMRESHEBIO,BIO,2028,29.5691
RE1,DEMRESHEBIO,BIO,2029,29.8716
RE1,DEMRESHEBIO,BIO,2030,30.1745
RE1,DEMRESHEBIO,BIO,2031,29.6266
RE1,DEMRESHEBIO,BIO,2032,29.1276
RE1,DEMRESHEBIO,BIO,2033,28.6705
RE1,DEMRESHEBIO,BIO,2034,28.2496
RE1,DEMRESHEBIO,BIO,2035,29.1261
RE1,DEMRESHEBIO,BIO,2036,29.1234
RE1,DEMRESHEBIO,BIO,2037,29.1154
RE1,DEMRESHEBIO,BIO,2038,29.1028
RE1,DEMRESHEBIO,BIO,2039,29.0863
RE1,DEMRESHEBIO,BIO,2040,29.0662
RE1,DEMRESHEBIO,BIO,2041,28.925
RE1,DEMRESHEBIO,BIO,2042,28.7807
RE1,DEMRESHEBIO,BIO,2043,28.634
RE1,DEMRESHEBIO,BIO,2044,28.4854
RE1,DEMRESHEBIO,BIO,2045,28.3349
RE1,DEMRESHEBIO,BIO,2046,28.0628
RE1,DEMRESHEBIO,BIO,2047,27.7989
RE1,DEMRESHEBIO,BIO,2048,27.5423
RE1,DEMRESHEBIO,BIO,2049,27.2927
RE1,DEMRESHEBIO,BIO,2050,27.0493
RE1,DEMRESHEBIO,BIO,2051,26.7987
RE1,DEMRESHEBIO,BIO,2052,26.5506
RE1,DEMRESHEBIO,BIO,2053,26.3048
RE1,DEMRESHEBIO,BIO,2054,26.0612
RE1,DEMRESHEBIO,BIO,2055,25.8199
RE1,DEMRESHEBIO,BIO,2056,25.581
RE1,DEMRESHEBIO,BIO,2057,25.3442
RE1,DEMRESHEBIO,BIO,2058,25.1098
RE1,DEMRESHEBIO,BIO,2059,24.8775
RE1,DEMRESHEBIO,BIO,2060,24.6474
RE1,DEMRESHEBIO,BIO,2061,24.4104
RE1,DEMRESHEBIO,BIO,2062,24.1756
RE1,DEMRESHEBIO,BIO,2063,23.9433
RE1,DEMRESHEBIO,BIO,2064,23.7133
RE1,DEMRESHEBIO,BIO,2065,23.4856
RE1,DEMRESHEBIO,BIO,2066,23.2602
RE1,DEMRESHEBIO,BIO,2067,23.0373
RE1,DEMRESHEBIO,BIO,2068,22.8166
RE1,DEMRESHEBIO,BIO,2069,22.5982
RE1,DEMRESHEBIO,BIO,2070,22.3822
RE1,DEMTRABUSELC,ELCEV,2050,0.9262
RE1,DEMTRABUSELC,ELCEV,2051,44.5941
RE1,DEMTRABUSELC,ELCEV,2052,45.328
RE1,DEMTRABUSELC,ELCEV,2053,46.0738
RE1,DEMTRABUSELC,ELCEV,2054,46.8317
RE1,DEMTRABUSELC,ELCEV,2055,47.6018
RE1,DEMTRABUSELC,ELCEV,2056,48.3846
RE1,DEMTRABUSELC,ELCEV,2057,49.18
RE1,DEMTRABUSELC,ELCEV,2058,49.9883
RE1,DEMTRABUSELC,ELCEV,2059,50.8099
RE1,DEMTRABUSELC,ELCEV,2060,51.6449
RE1,DEMTRABUSELC,ELCEV,2061,52.319
RE1,DEMTRABUSELC,ELCEV,2062,53.0018
RE1,DEMTRABUSELC,ELCEV,2063,53.6936
RE1,DEMTRABUSELC,ELCEV,2064,54.3944
RE1,DEMTRABUSELC,ELCEV,2065,55.1045
RE1,DEMTRABUSELC,ELCEV,2066,55.824
RE1,DEMTRABUSELC,ELCEV,2067,56.5531
RE1,DEMTRABUSELC,ELCEV,2068,57.2919
RE1,DEMTRABUSELC,ELCEV,2069,58.0405
RE1,DEMTRABUSELC,ELCEV,2070,58.7991
RE1,DEMTRABUSGSL,LFO,2015,49.9428
RE1,DEMTRABUSGSL,LFO,2016,52.6168
RE1,DEMTRABUSGSL,LFO,2017,55.434
RE1,DEMTRABUSGSL,LFO,2018,58.402
RE1,DEMTRABUSGSL,LFO,2019,61.5288
RE1,DEMTRABUSGSL,LFO,2020,64.8232
RE1,DEMTRABUSGSL,LFO,2021,67.3099
RE1,DEMTRABUSGSL,LFO,2022,69.8724
RE1,DEMTRABUSGSL,LFO,2023,72.5142
RE1,DEMTRABUSGSL,LFO,2024,75.239
RE1,DEMTRABUSGSL,LFO,2025,78.0504
RE1,DEMTRABUSGSL,LFO,2026,80.8709
RE1,DEMTRABUSGSL,LFO,2027,83.783
RE1,DEMTRABUSGSL,LFO,2028,86.7903
RE1,DEMTRABUSGSL,LFO,2029,89.8968
RE1,DEMTRABUSGSL,LFO,2030,93.1064
RE1,DEMTRABUSGSL,LFO,2031,94.5376
RE1,DEMTRABUSGSL,LFO,2032,96.1191
RE1,DEMTRABUSGSL,LFO,2033,97.8409
RE1,DEMTRABUSGSL,LFO,2034,99.6959
RE1,DEMTRABUSGSL,LFO,2035,106.2978
RE1,DEMTRABUSGSL,LFO,2036,109.9154
RE1,DEMTRABUSGSL,LFO,2037,113.6351
RE1,DEMTRABUSGSL,LFO,2038,117.462
RE1,DEMTRABUSGSL,LFO,2039,121.4005
RE1,DEMTRABUSGSL,LFO,2040,125.4549
RE1,DEMTRABUSGSL,LFO,2041,128.6906
RE1,DEMTRABUSGSL,LFO,2042,131.9928
RE1,DEMTRABUSGSL,LFO,2043,135.3644
RE1,DEMTRABUSGSL,LFO,2044,138.8076
RE1,DEMTRABUSGSL,LFO,2045,142.3252
RE1,DEMTRABUSGSL,LFO,2046,145.2972
RE1,DEMTRABUSGSL,LFO,2047,148.3604
RE1,DEMTRABUSGSL,LFO,2048,151.5144
RE1,DEMTRABUSGSL,LFO,2049,154.76
RE1,DEMTRABUSGSL,LFO,2050,154.76
RE1,DEMTRACARELC,ELCEV,2046,5.0025
RE1,DEMTRACARELC,ELCEV,2047,10.0051
RE1,DEMTRACARELC,ELCEV,2048,15.0076
RE1,DEMTRACARELC,ELCEV,2049,20.0101
RE1,DEMTRACARELC,ELCEV,2050,25.0126
RE1,DEMTRACARELC,ELCEV,2051,30.0152
RE1,DEMTRACARELC,ELCEV,2052,35.0177
RE1,DEMTRACARELC,ELCEV,2053,40.0203
RE1,DEMTRACARELC,ELCEV,2054,45.0228
RE1,DEMTRACARELC,ELCEV,2055,50.0253
RE1,DEMTRACARELC,ELCEV,2056,55.0278
RE1,DEMTRACARELC,ELCEV,2057,60.0304
RE1,DEMTRACARELC,ELCEV,2058,61.0968
RE1,DEMTRACARELC,ELCEV,2059,62.101
RE1,DEMTRACARELC,ELCEV,2060,63.1216
RE1,DEMTRACARELC,ELCEV,2061,63.9454
RE1,DEMTRACARELC,ELCEV,2062,64.7799
RE1,DEMTRACARELC,ELCEV,2063,65.6254
RE1,DEMTRACARELC,ELCEV,2064,66.4821
RE1,DEMTRACARELC,ELCEV,2065,67.35
RE1,DEMTRACARELC,ELCEV,2066,68.2294
RE1,DEMTRACARELC,ELCEV,2067,69.1204
RE1,DEMTRACARELC,ELCEV,2068,70.0234
RE1,DEMTRACARELC,ELCEV,2069,70.9384
RE1,DEMTRACARELC,ELCEV,2070,71.8656
RE1,DEMTRACARGSL,LFO,2015,76.3015
RE1,DEMTRACARGSL,LFO,2016,80.3865
RE1,DEMTRACARGSL,LFO,2017,84.6905
RE1,DEMTRACARGSL,LFO,2018,89.225
RE1,DEMTRACARGSL,LFO,2019,94.0025
RE1,DEMTRACARGSL,LFO,2020,99.0355
RE1,DEMTRACARGSL,LFO,2021,102.8344
RE1,DEMTRACARGSL,LFO,2022,106.7494
RE1,DEMTRACARGSL,LFO,2023,110.7854
RE1,DEMTRACARGSL,LFO,2024,114.9483
RE1,DEMTRACARGSL,LFO,2025,119.2435
RE1,DEMTRACARGSL,LFO,2026,123.5529
RE1,DEMTRACARGSL,LFO,2027,128.0018
RE1,DEMTRACARGSL,LFO,2028,132.5965
RE1,DEMTRACARGSL,LFO,2029,137.3426
RE1,DEMTRACARGSL,LFO,2030,142.246
RE1,DEMTRACARGSL,LFO,2031,144.4327
RE1,DEMTRACARGSL,LFO,2032,146.8485
RE1,DEMTRACARGSL,LFO,2033,149.4791
RE1,DEMTRACARGSL,LFO,2034,152.3131
RE1,DEMTRACARGSL,LFO,2035,162.3994
RE1,DEMTRACARGSL,LFO,2036,167.9261
RE1,DEMTRACARGSL,LFO,2037,173.6092
RE1,DEMTRACARGSL,LFO,2038,179.4559
RE1,DEMTRACARGSL,LFO,2039,185.4728
RE1,DEMTRACARGSL,LFO,2040,191.6673
RE1,DEMTRACARGSL,LFO,2041,196.6108
RE1,DEMTRACARGSL,LFO,2042,201.6558
RE1,DEMTRACARGSL,LFO,2043,206.8066
RE1,DEMTRACARGSL,LFO,2044,212.0671
RE1,DEMTRACARGSL,LFO,2045,217.4415
RE1,DEMTRACARGSL,LFO,2046,199.448
RE1,DEMTRACARGSL,LFO,2047,181.5935
RE1,DEMTRACARGSL,LFO,2048,163.8785
RE1,DEMTRACARGSL,LFO,2049,146.303
RE1,DEMTRACARGSL,LFO,2050,128.868
RE1,DEMTRACARGSL,LFO,2051,110.3095
RE1,DEMTRACARGSL,LFO,2052,91.816
RE1,DEMTRACARGSL,LFO,2053,73.388
RE1,DEMTRACARGSL,LFO,2054,55.0265
RE1,DEMTRACARGSL,LFO,2055,36.733
RE1,DEMTRACARGSL,LFO,2056,18.508
RE1,DEMTRACARGSL,LFO,2057,0.3535
RE1,DEMTRAEVC,ELC003,2021,5.706
RE1,DEMTRAEVC,ELC003,2022,11.2641
RE1,DEMTRAEVC,ELC003,2023,16.9581
RE1,DEMTRAEVC,ELC003,2024,22.6514
RE1,DEMTRAEVC,ELC003,2025,28.5298
RE1,DEMTRAEVC,ELC003,2026,30.4459
RE1,DEMTRAEVC,ELC003,2027,31.5422
RE1,DEMTRAEVC,ELC003,2028,32.6744
RE1,DEMTRAEVC,ELC003,2029,33.8439
RE1,DEMTRAEVC,ELC003,2030,35.0523
RE1,DEMTRAEVC,ELC003,2031,35.591
RE1,DEMTRAEVC,ELC003,2032,36.1864
RE1,DEMTRAEVC,ELC003,2033,36.8347
RE1,DEMTRAEVC,ELC003,2034,37.533
RE1,DEMTRAEVC,ELC003,2035,40.0184
RE1,DEMTRAEVC,ELC003,2036,41.3803
RE1,DEMTRAEVC,ELC003,2037,42.7808
RE1,DEMTRAEVC,ELC003,2038,44.2215
RE1,DEMTRAEVC,ELC003,2039,45.7042
RE1,DEMTRAEVC,ELC003,2040,47.2306
RE1,DEMTRAEVC,ELC003,2041,48.4488
RE1,DEMTRAEVC,ELC003,2042,49.692
RE1,DEMTRAEVC,ELC003,2043,50.9613
RE1,DEMTRAEVC,ELC003,2044,52.2576
RE1,DEMTRAEVC,ELC003,2045,53.5819
RE1,DEMTRAEVC,ELC003,2046,60.2536
RE1,DEMTRAEVC,ELC003,2047,66.9596
RE1,DEMTRAEVC,ELC003,2048,73.6998
RE1,DEMTRAEVC,ELC003,2049,80.4745
RE1,DEMTRAEVC,ELC003,2050,88.3119
RE1,DEMTRAEVC,ELC003,2051,143.3157
RE1,DEMTRAEVC,ELC003,2052,150.6786
RE1,DEMTRAEVC,ELC003,2053,158.071
RE1,DEMTRAEVC,ELC003,2054,165.4933
RE1,DEMTRAEVC,ELC003,2055,172.9459
RE1,DEMTRAEVC,ELC003,2056,180.4294
RE1,DEMTRAEVC,ELC003,2057,187.9442
RE1,DEMTRAEVC,ELC003,2058,191.1221
RE1,DEMTRAEVC,ELC003,2059,194.2632
RE1,DEMTRAEVC,ELC003,2060,197.4557
RE1,DEMTRAEVC,ELC003,2061,200.0329
RE1,DEMTRAEVC,ELC003,2062,202.6435
RE1,DEMTRAEVC,ELC003,2063,205.2884
RE1,DEMTRAEVC,ELC003,2064,207.9679
RE1,DEMTRAEVC,ELC003,2065,210.683
RE1,DEMTRAEVC,ELC003,2066,213.4339
RE1,DEMTRAEVC,ELC003,2067,216.2213
RE1,DEMTRAEVC,ELC003,2068,219.0458
RE1,DEMTRAEVC,ELC003,2069,221.9081
RE1,DEMTRAEVC,ELC003,2070,224.8087
RE1,DEMTRAMCYELC,ELCEV,2021,5.1405
RE1,DEMTRAMCYELC,ELCEV,2022,10.1479
RE1,DEMTRAMCYELC,ELCEV,2023,15.2777
RE1,DEMTRAMCYELC,ELCEV,2024,20.4067
RE1,DEMTRAMCYELC,ELCEV,2025,25.7025
RE1,DEMTRAMCYELC,ELCEV,2026,27.4287
RE1,DEMTRAMCYELC,ELCEV,2027,28.4164
RE1,DEMTRAMCYELC,ELCEV,2028,29.4364
RE1,DEMTRAMCYELC,ELCEV,2029,30.49
RE1,DEMTRAMCYELC,ELCEV,2030,31.5786
RE1,DEMTRAMCYELC,ELCEV,2031,32.064
RE1,DEMTRAMCYELC,ELCEV,2032,32.6004
RE1,DEMTRAMCYELC,ELCEV,2033,33.1844
RE1,DEMTRAMCYELC,ELCEV,2034,33.8135
RE1,DEMTRAMCYELC,ELCEV,2035,36.0526
RE1,DEMTRAMCYELC,ELCEV,2036,37.2796
RE1,DEMTRAMCYELC,ELCEV,2037,38.5413
RE1,DEMTRAMCYELC,ELCEV,2038,39.8392
RE1,DEMTRAMCYELC,ELCEV,2039,41.175
RE1,DEMTRAMCYELC,ELCEV,2040,42.5501
RE1,DEMTRAMCYELC,ELCEV,2041,43.6476
RE1,DEMTRAMCYELC,ELCEV,2042,44.7676
RE1,DEMTRAMCYELC,ELCEV,2043,45.911
RE1,DEMTRAMCYELC,ELCEV,2044,47.0789
RE1,DEMTRAMCYELC,ELCEV,2045,48.272
RE1,DEMTRAMCYELC,ELCEV,2046,49.28
RE1,DEMTRAMCYELC,ELCEV,2047,50.3189
RE1,DEMTRAMCYELC,ELCEV,2048,51.3886
RE1,DEMTRAMCYELC,ELCEV,2049,52.4894
RE1,DEMTRAMCYELC,ELCEV,2050,53.6214
RE1,DEMTRAMCYELC,ELCEV,2051,54.5039
RE1,DEMTRAMCYELC,ELCEV,2052,55.4008
RE1,DEMTRAMCYELC,ELCEV,2053,56.3123
RE1,DEMTRAMCYELC,ELCEV,2054,57.2386
RE1,DEMTRAMCYELC,ELCEV,2055,58.18
RE1,DEMTRAMCYELC,ELCEV,2056,59.1366
RE1,DEMTRAMCYELC,ELCEV,2057,60.1088
RE1,DEMTRAMCYELC,ELCEV,2058,61.0968
RE1,DEMTRAMCYELC,ELCEV,2059,62.1009
RE1,DEMTRAMCYELC,ELCEV,2060,63.1216
RE1,DEMTRAMCYELC,ELCEV,2061,63.9454
RE1,DEMTRAMCYELC,ELCEV,2062,64.7799
RE1,DEMTRAMCYELC,ELCEV,2063,65.6254
RE1,DEMTRAMCYELC,ELCEV,2064,66.482
RE1,DEMTRAMCYELC,ELCEV,2065,67.3499
RE1,DEMTRAMCYELC,ELCEV,2066,68.2293
RE1,DEMTRAMCYELC,ELCEV,2067,69.1204
RE1,DEMTRAMCYELC,ELCEV,2068,70.0233
RE1,DEMTRAMCYELC,ELCEV,2069,70.9383
RE1,DEMTRAMCYELC,ELCEV,2070,71.8656
RE1,DEMTRAMCYGSL,LFO,2015,76.3015
RE1,DEMTRAMCYGSL,LFO,2016,80.3865
RE1,DEMTRAMCYGSL,LFO,2017,84.6905
RE1,DEMTRAMCYGSL,LFO,2018,89.225
RE1,DEMTRAMCYGSL,LFO,2019,94.0025
RE1,DEMTRAMCYGSL,LFO,2020,99.0355
RE1,DEMTRAMCYGSL,LFO,2021,79.6791
RE1,DEMTRAMCYGSL,LFO,2022,61.0383
RE1,DEMTRAMCYGSL,LFO,2023,41.9674
RE1,DEMTRAMCYGSL,LFO,2024,23.0266
RE1,DEMTRAMCYGSL,LFO,2025,3.4664
RE1,PWRBIO001,BIO,2022,9.4226
RE1,PWRBIO001,BIO,2023,31.4792
RE1,PWRBIO001,BIO,2024,37.2412
RE1,PWRBIO001,BIO,2025,38.1661
RE1,PWRBIO001,BIO,2026,41.345
RE1,PWRBIO001,BIO,2027,43.5507
RE1,PWRBIO001,BIO,2028,45.8821
RE1,PWRBIO001,BIO,2029,48.3477
RE1,PWRBIO001,BIO,2030,50.9555
RE1,PWRBIO001,BIO,2031,52.9449
RE1,PWRBIO001,BIO,2032,55.1119
RE1,PWRBIO001,BIO,2033,57.4617
RE1,PWRBIO001,BIO,2034,60.0014
RE1,PWRBIO001,BIO,2035,65.5904
RE1,PWRBIO001,BIO,2036,69.5681
RE1,PWRBIO001,BIO,2037,73.8077
RE1,PWRBIO001,BIO,2038,78.3294
RE1,PWRBIO001,BIO,2039,83.1539
RE1,PWRBIO001,BIO,2040,88.3048
RE1,PWRBIO001,BIO,2041,92.6443
RE1,PWRBIO001,BIO,2042,97.2131
RE1,PWRBIO001,BIO,2043,102.0254
RE1,PWRBIO001,BIO,2044,105.9513
RE1,PWRBIO001,BIO,2045,108.7456
RE1,PWRBIO001,BIO,2046,117.5695
RE1,PWRBIO001,BIO,2047,122.9918
RE1,PWRBIO001,BIO,2048,128.722
RE1,PWRBIO001,BIO,2049,134.777
RE1,PWRBIO001,BIO,2050,141.7037
RE1,PWRBIO001,BIO,2051,187.4174
RE1,PWRBIO001,BIO,2052,192.3524
RE1,PWRBIO001,BIO,2053,197.4318
RE1,PWRBIO001,BIO,2054,202.6598
RE1,PWRBIO001,BIO,2055,208.0412
RE1,PWRBIO001,BIO,2056,213.5811
RE1,PWRBIO001,BIO,2057,219.2841
RE1,PWRBIO001,BIO,2058,225.1555
RE1,PWRBIO001,BIO,2059,231.2012
RE1,PWRBIO001,BIO,2060,237.4264
RE1,PWRBIO001,BIO,2061,242.0284
RE1,PWRBIO001,BIO,2062,246.7261
RE1,PWRBIO001,BIO,2063,251.5218
RE1,PWRBIO001,BIO,2064,256.4179
RE1,PWRBIO001,BIO,2065,261.4167
RE1,PWRBIO001,BIO,2066,266.521
RE1,PWRBIO001,BIO,2067,271.7326
RE1,PWRBIO001,BIO,2068,277.0545
RE1,PWRBIO001,BIO,2069,282.4893
RE1,PWRBIO001,BIO,2070,273.2941
RE1,PWRCOA001,COA,2022,8.6354
RE1,PWRCOA001,COA,2023,8.6354
RE1,PWRCOA001,COA,2024,8.6354
RE1,PWRCOA001,COA,2025,8.6354
RE1,PWRCOA001,COA,2026,8.6354
RE1,PWRDIST,ELC002,2015,14.3551
RE1,PWRDIST,ELC002,2016,15.2024
RE1,PWRDIST,ELC002,2017,15.531
RE1,PWRDIST,ELC002,2018,15.8669
RE1,PWRDIST,ELC002,2019,16.2102
RE1,PWRDIST,ELC002,2020,16.561
RE1,PWRDIST,ELC002,2021,23.6697
RE1,PWRDIST,ELC002,2022,30.9292
RE1,PWRDIST,ELC002,2023,38.4099
RE1,PWRDIST,ELC002,2024,45.9709
RE1,PWRDIST,ELC002,2025,53.8183
RE1,PWRDIST,ELC002,2026,57.3116
RE1,PWRDIST,ELC002,2027,60.2191
RE1,PWRDIST,ELC002,2028,63.2837
RE1,PWRDIST,ELC002,2029,66.5154
RE1,PWRDIST,ELC002,2030,69.9272
RE1,PWRDIST,ELC002,2031,72.432
RE1,PWRDIST,ELC002,2032,75.1622
RE1,PWRDIST,ELC002,2033,78.1246
RE1,PWRDIST,ELC002,2034,81.3248
RE1,PWRDIST,ELC002,2035,88.663
RE1,PWRDIST,ELC002,2036,93.7741
RE1,PWRDIST,ELC002,2037,99.1994
RE1,PWRDIST,ELC002,2038,102.4683
RE1,PWRDIST,ELC002,2039,103.8606
RE1,PWRDIST,ELC002,2040,105.6591
RE1,PWRDIST,ELC002,2041,109.7882
RE1,PWRDIST,ELC002,2042,114.1419
RE1,PWRDIST,ELC002,2043,118.568
RE1,PWRDIST,ELC002,2044,122.7812
RE1,PWRDIST,ELC002,2045,126.9628
RE1,PWRDIST,ELC002,2046,134.4111
RE1,PWRDIST,ELC002,2047,142.5368
RE1,PWRDIST,ELC002,2048,152.8918
RE1,PWRDIST,ELC002,2049,166.6124
RE1,PWRDIST,ELC002,2050,183.5415
RE1,PWRDIST,ELC002,2051,239.1843
RE1,PWRDIST,ELC002,2052,247.8011
RE1,PWRDIST,ELC002,2053,256.4771
RE1,PWRDIST,ELC002,2054,267.1187
RE1,PWRDIST,ELC002,2055,279.4064
RE1,PWRDIST,ELC002,2056,291.8658
RE1,PWRDIST,ELC002,2057,304.502
RE1,PWRDIST,ELC002,2058,309.8248
RE1,PWRDIST,ELC002,2059,315.2919
RE1,PWRDIST,ELC002,2060,320.9908
RE1,PWRDIST,ELC002,2061,324.4719
RE1,PWRDIST,ELC002,2062,328.4222
RE1,PWRDIST,ELC002,2063,332.3718
RE1,PWRDIST,ELC002,2064,336.9535
RE1,PWRDIST,ELC002,2065,343.1128
RE1,PWRDIST,ELC002,2066,351.5816
RE1,PWRDIST,ELC002,2067,360.2259
RE1,PWRDIST,ELC002,2068,369.3624
RE1,PWRDIST,ELC002,2069,378.5602
RE1,PWRDIST,ELC002,2070,391.488
RE1,PWRHYD001,HYD,2015,3.731
RE1,PWRHYD001,HYD,2016,3.7195
RE1,PWRHYD001,HYD,2017,4.1154
RE1,PWRHYD001,HYD,2018,3.3044
RE1,PWRHYD001,HYD,2019,3.4559
RE1,PWRHYD001,HYD,2020,4.1109
RE1,PWRHYD001,HYD,2021,7.0885
RE1,PWRHYD001,HYD,2022,8.0796
RE1,PWRHYD001,HYD,2023,8.0796
RE1,PWRHYD001,HYD,2024,8.0796
RE1,PWRHYD001,HYD,2025,8.0796
RE1,PWRHYD001,HYD,2026,8.0796
RE1,PWRHYD001,HYD,2027,8.0796
RE1,PWRHYD001,HYD,2028,8.0796
RE1,PWRHYD001,HYD,2029,8.0796
RE1,PWRHYD001,HYD,2030,8.0796
RE1,PWRHYD001,HYD,2031,8.0796
RE1,PWRHYD001,HYD,2032,8.0796
RE1,PWRHYD001,HYD,2033,8.0796
RE1,PWRHYD001,HYD,2034,8.0796
RE1,PWRHYD001,HYD,2035,8.0796
RE1,PWRHYD001,HYD,2036,8.0796
RE1,PWRHYD001,HYD,2037,8.0796
RE1,PWRHYD001,HYD,2038,8.0796
RE1,PWRHYD001,HYD,2039,8.0796
RE1,PWRHYD001,HYD,2040,8.0796
RE1,PWRHYD001,HYD,2041,8.0796
RE1,PWRHYD001,HYD,2042,8.0796
RE1,PWRHYD001,HYD,2043,8.0796
RE1,PWRHYD001,HYD,2044,8.0796
RE1,PWRHYD001,HYD,2045,8.0796
RE1,PWRHYD001,HYD,2046,8.0796
RE1,PWRHYD001,HYD,2047,8.0796
RE1,PWRHYD001,HYD,2048,8.0796
RE1,PWRHYD001,HYD,2049,8.0796
RE1,PWRHYD001,HYD,2050,8.0796
RE1,PWRHYD001,HYD,2051,8.0796
RE1,PWRHYD001,HYD,2052,8.0796
RE1,PWRHYD001,HYD,2053,8.0796
RE1,PWRHYD001,HYD,2054,8.0796
RE1,PWRHYD001,HYD,2055,8.0796
RE1,PWRHYD001,HYD,2056,8.0796
RE1,PWRHYD001,HYD,2057,8.0796
RE1,PWRHYD001,HYD,2058,8.0796
RE1,PWRHYD001,HYD,2059,8.0796
RE1,PWRHYD001,HYD,2060,8.0796
RE1,PWRHYD001,HYD,2061,8.0796
RE1,PWRHYD001,HYD,2062,8.0796
RE1,PWRHYD001,HYD,2063,8.0796
RE1,PWRHYD001,HYD,2064,8.0796
RE1,PWRHYD001,HYD,2065,8.0796
RE1,PWRHYD001,HYD,2066,8.0796
RE1,PWRHYD001,HYD,2067,8.0796
RE1,PWRHYD001,HYD,2068,8.0796
RE1,PWRHYD001,HYD,2069,8.0796
RE1,PWRHYD001,HYD,2070,8.0796
RE1,PWRHYD002,HYD,2015,1.5765
RE1,PWRHYD002,HYD,2016,1.1853
RE1,PWRHYD002,HYD,2017,1.4861
RE1,PWRHYD002,HYD,2018,1.0267
RE1,PWRHYD002,HYD,2019,1.2291
RE1,PWRHYD002,HYD,2020,0.9358
RE1,PWRHYD002,HYD,2021,3.0972
RE1,PWRHYD002,HYD,2022,3.0972
RE1,PWRHYD002,HYD,2023,3.0972
RE1,PWRHYD002,HYD,2024,3.0972
RE1,PWRHYD002,HYD,2025,3.0972
RE1,PWRHYD002,HYD,2026,3.0972
RE1,PWRHYD002,HYD,2027,3.0972
RE1,PWRHYD002,HYD,2028,3.0972
RE1,PWRHYD002,HYD,2029,3.0972
RE1,PWRHYD002,HYD,2030,3.0972
RE1,PWRHYD002,HYD,2031,3.0972
RE1,PWRHYD002,HYD,2032,3.0972
RE1,PWRHYD002,HYD,2033,3.0972
RE1,PWRHYD002,HYD,2034,3.0972
RE1,PWRHYD002,HYD,2035,3.0972
RE1,PWRHYD002,HYD,2036,3.0972
RE1,PWRHYD002,HYD,2037,3.0972
RE1,PWRHYD002,HYD,2038,3.0972
RE1,PWRHYD002,HYD,2039,3.0972
RE1,PWRHYD002,HYD,2040,3.0972
RE1,PWRHYD002,HYD,2041,3.0972
RE1,PWRHYD002,HYD,2042,3.0972
RE1,PWRHYD002,HYD,2043,3.0972
RE1,PWRHYD002,HYD,2044,3.0972
RE1,PWRHYD002,HYD,2045,3.0972
RE1,PWRHYD002,HYD,2046,3.0972
RE1,PWRHYD002,HYD,2047,3.0972
RE1,PWRHYD002,HYD,2048,3.0972
RE1,PWRHYD002,HYD,2049,3.0972
RE1,PWRHYD002,HYD,2050,3.0972
RE1,PWRHYD002,HYD,2051,3.0972
RE1,PWRHYD002,HYD,2052,3.0972
RE1,PWRHYD002,HYD,2053,3.0972
RE1,PWRHYD002,HYD,2054,3.0972
RE1,PWRHYD002,HYD,2055,3.0972
RE1,PWRHYD002,HYD,2056,3.0972
RE1,PWRHYD002,HYD,2057,3.0972
RE1,PWRHYD002,HYD,2058,3.0972
RE1,PWRHYD002,HYD,2059,3.0972
RE1,PWRHYD002,HYD,2060,3.0972
RE1,PWRHYD002,HYD,2061,3.0972
RE1,PWRHYD002,HYD,2062,3.0972
RE1,PWRHYD002,HYD,2063,3.0972
RE1,PWRHYD002,HYD,2064,3.0972
RE1,PWRHYD002,HYD,2065,3.0972
RE1,PWRHYD002,HYD,2066,3.0972
RE1,PWRHYD002,HYD,2067,3.0972
RE1,PWRHYD002,HYD,2068,3.0972
RE1,PWRHYD002,HYD,2069,3.0972
RE1,PWRHYD002,HYD,2070,3.0972
RE1,PWRHYD003,HYD,2021,2.0118
RE1,PWRHYD003,HYD,2022,2.0118
RE1,PWRHYD003,HYD,2023,2.0118
RE1,PWRHYD003,HYD,2024,2.0118
RE1,PWRHYD003,HYD,2025,2.0118
RE1,PWRHYD003,HYD,2026,2.0118
RE1,PWRHYD003,HYD,2027,2.0118
RE1,PWRHYD003,HYD,2028,2.0118
RE1,PWRHYD003,HYD,2029,2.0118
RE1,PWRHYD003,HYD,2030,2.0118
RE1,PWRHYD003,HYD,2031,2.0118
RE1,PWRHYD003,HYD,2032,2.0118
RE1,PWRHYD003,HYD,2033,2.0118
RE1,PWRHYD003,HYD,2034,2.0118
RE1,PWRHYD003,HYD,2035,2.0118
RE1,PWRHYD003,HYD,2036,2.0118
RE1,PWRHYD003,HYD,2037,2.0118
RE1,PWRHYD003,HYD,2038,2.0118
RE1,PWRHYD003,HYD,2039,2.0118
RE1,PWRHYD003,HYD,2040,2.0118
RE1,PWRHYD003,HYD,2041,2.0118
RE1,PWRHYD003,HYD,2042,2.0118
RE1,PWRHYD003,HYD,2043,2.0118
RE1,PWRHYD003,HYD,2044,2.0118
RE1,PWRHYD003,HYD,2045,2.0118
RE1,PWRHYD003,HYD,2046,2.0118
RE1,PWRHYD003,HYD,2047,2.0118
RE1,PWRHYD003,HYD,2048,2.0118
RE1,PWRHYD003,HYD,2049,2.0118
RE1,PWRHYD003,HYD,2050,2.0118
RE1,PWRHYD003,HYD,2051,2.0118
RE1,PWRHYD003,HYD,2052,2.0118
RE1,PWRHYD003,HYD,2053,2.0118
RE1,PWRHYD003,HYD,2054,2.0118
RE1,PWRHYD003,HYD,2055,2.0118
RE1,PWRHYD003,HYD,2056,2.0118
RE1,PWRHYD003,HYD,2057,2.0118
RE1,PWRHYD003,HYD,2058,2.0118
RE1,PWRHYD003,HYD,2059,2.0118
RE1,PWRHYD003,HYD,2060,2.0118
RE1,PWRHYD003,HYD,2061,2.0118
RE1,PWRHYD003,HYD,2062,2.0118
RE1,PWRHYD003,HYD,2063,2.0118
RE1,PWRHYD003,HYD,2064,2.0118
RE1,PWRHYD003,HYD,2065,2.0118
RE1,PWRHYD003,HYD,2066,2.0118
RE1,PWRHYD003,HYD,2067,2.0118
RE1,PWRHYD003,HYD,2068,2.0118
RE1,PWRHYD003,HYD,2069,2.0118
RE1,PWRHYD003,HYD,2070,2.0118
RE1,PWRHYD004,HYD,2021,0.2236
RE1,PWRHYD004,HYD,2022,0.2236
RE1,PWRHYD004,HYD,2023,0.2236
RE1,PWRHYD004,HYD,2024,0.2236
RE1,PWRHYD004,HYD,2025,0.2236
RE1,PWRHYD004,HYD,2026,0.2236
RE1,PWRHYD004,HYD,2027,0.2236
RE1,PWRHYD004,HYD,2028,0.2236
RE1,PWRHYD004,HYD,2029,0.2236
RE1,PWRHYD004,HYD,2030,0.2236
RE1,PWRHYD004,HYD,2031,0.2236
RE1,PWRHYD004,HYD,2032,0.2236
RE1,PWRHYD004,HYD,2033,0.2236
RE1,PWRHYD004,HYD,2034,0.2236
RE1,PWRHYD004,HYD,2035,0.2236
RE1,PWRHYD004,HYD,2036,0.2236
RE1,PWRHYD004,HYD,2037,0.2236
RE1,PWRHYD004,HYD,2038,0.2236
RE1,PWRHYD004,HYD,2039,0.2236
RE1,PWRHYD004,HYD,2040,0.2236
RE1,PWRHYD004,HYD,2041,0.2236
RE1,PWRHYD004,HYD,2042,0.2236
RE1,PWRHYD004,HYD,2043,0.2236
RE1,PWRHYD004,HYD,2044,0.2236
RE1,PWRHYD004,HYD,2045,0.2236
RE1,PWRHYD004,HYD,2046,0.2236
RE1,PWRHYD004,HYD,2047,0.2236
RE1,PWRHYD004,HYD,2048,0.2236
RE1,PWRHYD004,HYD,2049,0.2236
RE1,PWRHYD004,HYD,2050,0.2236
RE1,PWRHYD004,HYD,2051,0.2236
RE1,PWRHYD004,HYD,2052,0.2236
RE1,PWRHYD004,HYD,2053,0.2236
RE1,PWRHYD004,HYD,2054,0.2236
RE1,PWRHYD004,HYD,2055,0.2236
RE1,PWRHYD004,HYD,2056,0.2236
RE1,PWRHYD004,HYD,2057,0.2236
RE1,PWRHYD004,HYD,2058,0.2236
RE1,PWRHYD004,HYD,2059,0.2236
RE1,PWRHYD004,HYD,2060,0.2236
RE1,PWRHYD004,HYD,2061,0.2236
RE1,PWRHYD004,HYD,2062,0.2236
RE1,PWRHYD004,HYD,2063,0.2236
RE1,PWRHYD004,HYD,2064,0.2236
RE1,PWRHYD004,HYD,2065,0.2236
RE1,PWRHYD004,HYD,2066,0.2236
RE1,PWRHYD004,HYD,2067,0.2236
RE1,PWRHYD004,HYD,2068,0.2236
RE1,PWRHYD004,HYD,2069,0.2236
RE1,PWRHYD004,HYD,2070,0.2236
RE1,PWRNGS001,NGS,2024,6.1002
RE1,PWRNGS001,NGS,2025,6.1002
RE1,PWRNGS001,NGS,2026,9.1058
RE1,PWRNGS001,NGS,2027,13.3357
RE1,PWRNGS001,NGS,2028,16.5159
RE1,PWRNGS001,NGS,2029,19.8597
RE1,PWRNGS001,NGS,2030,23.3825
RE1,PWRNGS001,NGS,2031,25.8596
RE1,PWRNGS001,NGS,2032,26.112
RE1,PWRNGS001,NGS,2033,26.5959
RE1,PWRNGS001,NGS,2034,27.3136
RE1,PWRNGS001,NGS,2035,32.469
RE1,PWRNGS001,NGS,2036,35.1926
RE1,PWRNGS001,NGS,2037,38.209
RE1,PWRNGS001,NGS,2038,36.1913
RE1,PWRNGS001,NGS,2039,29.7085
RE1,PWRNGS001,NGS,2040,23.6226
RE1,PWRNGS001,NGS,2041,23.7143
RE1,PWRNGS001,NGS,2042,23.9539
RE1,PWRNGS001,NGS,2043,23.9949
RE1,PWRNGS001,NGS,2044,24.0361
RE1,PWRNGS001,NGS,2045,24.6991
RE1,PWRNGS001,NGS,2046,28.0062
RE1,PWRNGS001,NGS,2047,29.9609
RE1,PWRNGS001,NGS,2048,30.8112
RE1,PWRNGS001,NGS,2049,32.9137
RE1,PWRNGS001,NGS,2050,35.1634
RE1,PWRNGS001,NGS,2051,73.6945
RE1,PWRNGS001,NGS,2052,83.1989
RE1,PWRNGS001,NGS,2053,92.5679
RE1,PWRNGS001,NGS,2054,99.112
RE1,PWRNGS001,NGS,2055,103.9867
RE1,PWRNGS001,NGS,2056,108.9759
RE1,PWRNGS001,NGS,2057,114.0825
RE1,PWRNGS001,NGS,2058,114.8205
RE1,PWRNGS001,NGS,2059,115.552
RE1,PWRNGS001,NGS,2060,116.4536
RE1,PWRNGS001,NGS,2061,115.5509
RE1,PWRNGS001,NGS,2062,114.4255
RE1,PWRNGS001,NGS,2063,113.6037
RE1,PWRNGS001,NGS,2064,112.1803
RE1,PWRNGS001,NGS,2065,110.1434
RE1,PWRNGS001,NGS,2066,114.612
RE1,PWRNGS001,NGS,2067,120.4777
RE1,PWRNGS001,NGS,2068,125.7826
RE1,PWRNGS001,NGS,2069,131.4574
RE1,PWRNGS001,NGS,2070,44.3448
RE1,PWRSOL001,SOL,2015,0.1518
RE1,PWRSOL001,SOL,2017,0.172
RE1,PWRSOL001,SOL,2021,0.1777
RE1,PWRSOL001,SOL,2022,0.1777
RE1,PWRSOL001,SOL,2023,0.1777
RE1,PWRSOL001,SOL,2024,3.025
RE1,PWRSOL001,SOL,2025,6.8632
RE1,PWRSOL001,SOL,2026,7.2281
RE1,PWRSOL001,SOL,2027,7.6138
RE1,PWRSOL001,SOL,2028,8.0214
RE1,PWRSOL001,SOL,2029,8.4524
RE1,PWRSOL001,SOL,2030,8.9083
RE1,PWRSOL001,SOL,2031,9.2561
RE1,PWRSOL001,SOL,2032,9.6349
RE1,PWRSOL001,SOL,2033,10.0457
RE1,PWRSOL001,SOL,2034,10.4898
RE1,PWRSOL001,SOL,2035,11.4669
RE1,PWRSOL001,SOL,2036,12.1622
RE1,PWRSOL001,SOL,2037,12.9035
RE1,PWRSOL001,SOL,2038,13.6939
RE1,PWRSOL001,SOL,2039,14.5374
RE1,PWRSOL001,SOL,2040,15.4379
RE1,PWRSOL001,SOL,2041,16.1965
RE1,PWRSOL001,SOL,2042,16.9953
RE1,PWRSOL001,SOL,2043,17.8366
RE1,PWRSOL001,SOL,2044,18.723
RE1,PWRSOL001,SOL,2045,19.6258
RE1,PWRSOL001,SOL,2046,20.5541
RE1,PWRSOL001,SOL,2047,21.5021
RE1,PWRSOL001,SOL,2048,22.5038
RE1,PWRSOL001,SOL,2049,22.5038
RE1,PWRSOL001,SOL,2050,25.6957
RE1,PWRSOL001,SOL,2051,32.7653
RE1,PWRSOL001,SOL,2052,33.628
RE1,PWRSOL001,SOL,2053,34.516
RE1,PWRSOL001,SOL,2054,35.43
RE1,PWRSOL001,SOL,2055,36.3708
RE1,PWRSOL001,SOL,2056,37.3393
RE1,PWRSOL001,SOL,2057,38.3364
RE1,PWRSOL001,SOL,2058,39.3629
RE1,PWRSOL001,SOL,2059,40.4198
RE1,PWRSOL001,SOL,2060,41.5081
RE1,PWRSOL001,SOL,2061,42.3127
RE1,PWRSOL001,SOL,2062,43.1339
RE1,PWRSOL001,SOL,2063,43.9724
RE1,PWRSOL001,SOL,2064,44.8283
RE1,PWRSOL001,SOL,2065,45.7022
RE1,PWRSOL001,SOL,2066,46.5946
RE1,PWRSOL001,SOL,2067,47.5057
RE1,PWRSOL001,SOL,2068,48.4361
RE1,PWRSOL001,SOL,2069,49.3862
RE1,PWRSOL001,SOL,2070,60.6317
RE1,PWRSOL002,SOL,2026,0.1692
RE1,PWRSOL002,SOL,2027,0.1688
RE1,PWRSOL002,SOL,2028,0.1686
RE1,PWRSOL002,SOL,2029,0.1686
RE1,PWRSOL002,SOL,2030,0.1664
RE1,PWRSOL002,SOL,2031,0.1621
RE1,PWRSOL002,SOL,2032,0.158
RE1,PWRSOL002,SOL,2033,0.1531
RE1,PWRSOL002,SOL,2034,0.1487
RE1,PWRSOL002,SOL,2035,0.125
RE1,PWRSOL002,SOL,2036,0.0996
RE1,PWRSOL002,SOL,2037,0.0792
RE1,PWRSOL002,SOL,2038,2.4245
RE1,PWRSOL002,SOL,2039,6.9023
RE1,PWRSOL002,SOL,2040,11.3802
RE1,PWRSOL002,SOL,2041,12.6379
RE1,PWRSOL002,SOL,2042,13.9693
RE1,PWRSOL002,SOL,2043,15.4876
RE1,PWRSOL002,SOL,2044,17.482
RE1,PWRSOL002,SOL,2045,19.8692
RE1,PWRSOL002,SOL,2046,24.347
RE1,PWRSOL002,SOL,2047,28.8249
RE1,PWRSOL002,SOL,2048,31.2262
RE1,PWRSOL002,SOL,2049,31.2262
RE1,PWRSOL002,SOL,2050,31.2262
RE1,PWRSOL002,SOL,2051,35.6299
RE1,PWRSOL002,SOL,2052,38.6785
RE1,PWRSOL002,SOL,2053,41.8262
RE1,PWRSOL002,SOL,2054,43.2465
RE1,PWRSOL002,SOL,2055,43.2465
RE1,PWRSOL002,SOL,2056,43.2465
RE1,PWRSOL002,SOL,2057,43.2465
RE1,PWRSOL002,SOL,2058,46.1204
RE1,PWRSOL002,SOL,2059,48.9839
RE1,PWRSOL002,SOL,2060,51.8462
RE1,PWRSOL002,SOL,2061,54.6642
RE1,PWRSOL002,SOL,2062,57.0754
RE1,PWRSOL002,SOL,2063,59.6068
RE1,PWRSOL002,SOL,2064,61.6488
RE1,PWRSOL002,SOL,2065,62.1872
RE1,PWRSOL002,SOL,2066,60.7971
RE1,PWRSOL002,SOL,2067,59.2641
RE1,PWRSOL002,SOL,2068,57.2697
RE1,PWRSOL002,SOL,2069,54.8825
RE1,PWRSOL002,SOL,2070,50.4047
RE1,PWRTRN,ELC001,2015,14.7991
RE1,PWRTRN,ELC001,2016,15.6726
RE1,PWRTRN,ELC001,2017,16.0114
RE1,PWRTRN,ELC001,2018,16.3576
RE1,PWRTRN,ELC001,2019,16.7115
RE1,PWRTRN,ELC001,2020,17.0732
RE1,PWRTRN,ELC001,2021,24.4017
RE1,PWRTRN,ELC001,2022,31.8858
RE1,PWRTRN,ELC001,2023,39.5979
RE1,PWRTRN,ELC001,2024,47.3927
RE1,PWRTRN,ELC001,2025,55.4828
RE1,PWRTRN,ELC001,2026,59.0841
RE1,PWRTRN,ELC001,2027,62.0815
RE1,PWRTRN,ELC001,2028,65.2409
RE1,PWRTRN,ELC001,2029,68.5726
RE1,PWRTRN,ELC001,2030,72.09
RE1,PWRTRN,ELC001,2031,74.6721
RE1,PWRTRN,ELC001,2032,77.4869
RE1,PWRTRN,ELC001,2033,80.5408
RE1,PWRTRN,ELC001,2034,83.8401
RE1,PWRTRN,ELC001,2035,91.4052
RE1,PWRTRN,ELC001,2036,96.6743
RE1,PWRTRN,ELC001,2037,102.2674
RE1,PWRTRN,ELC001,2038,105.6375
RE1,PWRTRN,ELC001,2039,107.0728
RE1,PWRTRN,ELC001,2040,108.9269
RE1,PWRTRN,ELC001,2041,113.1838
RE1,PWRTRN,ELC001,2042,117.672
RE1,PWRTRN,ELC001,2043,122.2351
RE1,PWRTRN,ELC001,2044,126.5786
RE1,PWRTRN,ELC001,2045,130.8894
RE1,PWRTRN,ELC001,2046,138.5681
RE1,PWRTRN,ELC001,2047,146.9451
RE1,PWRTRN,ELC001,2048,157.6204
RE1,PWRTRN,ELC001,2049,171.7654
RE1,PWRTRN,ELC001,2050,189.218
RE1,PWRTRN,ELC001,2051,246.5818
RE1,PWRTRN,ELC001,2052,255.465
RE1,PWRTRN,ELC001,2053,264.4093
RE1,PWRTRN,ELC001,2054,275.3802
RE1,PWRTRN,ELC001,2055,288.0479
RE1,PWRTRN,ELC001,2056,300.8924
RE1,PWRTRN,ELC001,2057,313.9196
RE1,PWRTRN,ELC001,2058,319.407
RE1,PWRTRN,ELC001,2059,325.0432
RE1,PWRTRN,ELC001,2060,330.9183
RE1,PWRTRN,ELC001,2061,334.507
RE1,PWRTRN,ELC001,2062,338.5796
RE1,PWRTRN,ELC001,2063,342.6514
RE1,PWRTRN,ELC001,2064,347.3747
RE1,PWRTRN,ELC001,2065,353.7245
RE1,PWRTRN,ELC001,2066,362.4553
RE1,PWRTRN,ELC001,2067,371.3669
RE1,PWRTRN,ELC001,2068,380.786
RE1,PWRTRN,ELC001,2069,390.2683
RE1,PWRTRN,ELC001,2070,403.5959
RE1,PWRTRNEXP,ELC001,2015,0.3012
RE1,PWRTRNEXP,ELC001,2016,0.3382
RE1,PWRTRNEXP,ELC001,2017,0.342
RE1,PWRTRNEXP,ELC001,2018,0.3895
RE1,PWRTRNEXP,ELC001,2019,0.3895
RE1,PWRTRNEXP,ELC001,2020,0.3895
RE1,PWRTRNEXP,ELC001,2021,0.3895
RE1,PWRTRNEXP,ELC001,2022,0.3895
RE1,PWRTRNEXP,ELC001,2023,0.3895
RE1,PWRTRNEXP,ELC001,2024,0.3895
RE1,PWRTRNEXP,ELC001,2025,0.3895
RE1,PWRTRNEXP,ELC001,2026,0.3895
RE1,PWRTRNEXP,ELC001,2027,0.3895
RE1,PWRTRNEXP,ELC001,2028,0.3895
RE1,PWRTRNEXP,ELC001,2029,0.3895
RE1,PWRTRNEXP,ELC001,2030,0.3895
RE1,PWRTRNEXP,ELC001,2031,0.3895
RE1,PWRTRNEXP,ELC001,2032,0.3895
RE1,PWRTRNEXP,ELC001,2033,0.3895
RE1,PWRTRNEXP,ELC001,2034,0.3895
RE1,PWRTRNEXP,ELC001,2035,0.3895
RE1,PWRTRNEXP,ELC001,2036,0.3895
RE1,PWRTRNEXP,ELC001,2037,0.3895
RE1,PWRTRNEXP,ELC001,2038,0.3895
RE1,PWRTRNEXP,ELC001,2039,0.3895
RE1,PWRTRNEXP,ELC001,2040,0.3895
RE1,PWRTRNEXP,ELC001,2041,0.3895
RE1,PWRTRNEXP,ELC001,2042,0.3895
RE1,PWRTRNEXP,ELC001,2043,0.3895
RE1,PWRTRNEXP,ELC001,2044,0.3895
RE1,PWRTRNEXP,ELC001,2045,0.3895
RE1,PWRTRNEXP,ELC001,2046,0.3895
RE1,PWRTRNEXP,ELC001,2047,0.3895
RE1,PWRTRNEXP,ELC001,2048,0.3895
RE1,PWRTRNEXP,ELC001,2049,0.3895
RE1,PWRTRNEXP,ELC001,2050,0.3895
RE1,PWRTRNEXP,ELC001,2051,0.3895
RE1,PWRTRNEXP,ELC001,2052,0.3895
RE1,PWRTRNEXP,ELC001,2053,0.3895
RE1,PWRTRNEXP,ELC001,2054,0.3895
RE1,PWRTRNEXP,ELC001,2055,0.3895
RE1,PWRTRNEXP,ELC001,2056,0.3895
RE1,PWRTRNEXP,ELC001,2057,0.3895
RE1,PWRTRNEXP,ELC001,2058,0.3895
RE1,PWRTRNEXP,ELC001,2059,0.3895
RE1,PWRTRNEXP,ELC001,2060,0.3895
RE1,PWRTRNEXP,ELC001,2061,0.3895
RE1,PWRTRNEXP,ELC001,2062,0.3895
RE1,PWRTRNEXP,ELC001,2063,0.3895
RE1,PWRTRNEXP,ELC001,2064,0.3895
RE1,PWRTRNEXP,ELC001,2065,0.3895
RE1,PWRTRNEXP,ELC001,2066,0.3895
RE1,PWRTRNEXP,ELC001,2067,0.3895
RE1,PWRTRNEXP,ELC001,2068,0.3895
RE1,PWRTRNEXP,ELC001,2069,0.3895
RE1,PWRTRNEXP,ELC001,2070,0.3895
RE1,PWRWND001,WND,2032,1.1781
RE1,PWRWND001,WND,2033,2.3563
RE1,PWRWND001,WND,2034,3.5344
RE1,PWRWND001,WND,2035,4.7125
RE1,PWRWND001,WND,2036,5.8907
RE1,PWRWND001,WND,2037,7.0688
RE1,PWRWND001,WND,2038,8.2469
RE1,PWRWND001,WND,2039,9.425
RE1,PWRWND001,WND,2040,10.6032
RE1,PWRWND001,WND,2041,11.7813
RE1,PWRWND001,WND,2042,12.9594
RE1,PWRWND001,WND,2043,14.1376
RE1,PWRWND001,WND,2044,15.3157
RE1,PWRWND001,WND,2045,16.4938
RE1,PWRWND001,WND,2046,17.672
RE1,PWRWND001,WND,2047,18.8501
RE1,PWRWND001,WND,2048,20.0282
RE1,PWRWND001,WND,2049,21.2063
RE1,PWRWND001,WND,2050,22.3845
RE1,PWRWND001,WND,2051,32.7653
RE1,PWRWND001,WND,2052,33.6281
RE1,PWRWND001,WND,2053,34.516
RE1,PWRWND001,WND,2054,35.43
RE1,PWRWND001,WND,2055,36.3708
RE1,PWRWND001,WND,2056,37.3393
RE1,PWRWND001,WND,2057,38.3363
RE1,PWRWND001,WND,2058,39.3629
RE1,PWRWND001,WND,2059,40.4198
RE1,PWRWND001,WND,2060,41.5081
RE1,PWRWND001,WND,2061,42.3126
RE1,PWRWND001,WND,2062,41.1345
RE1,PWRWND001,WND,2063,39.9564
RE1,PWRWND001,WND,2064,38.7782
RE1,PWRWND001,WND,2065,37.6001
RE1,PWRWND001,WND,2066,36.422
RE1,PWRWND001,WND,2067,35.2439
RE1,PWRWND001,WND,2068,34.0658
RE1,PWRWND001,WND,2069,32.8876
RE1,PWRWND001,WND,2070,64.726
RE1,PWRWND001S,WND,2047,2.4674
RE1,PWRWND001S,WND,2048,7.5486
RE1,PWRWND001S,WND,2049,16.329
RE1,PWRWND001S,WND,2050,22.1101
RE1,PWRWND001S,WND,2051,22.1101
RE1,PWRWND001S,WND,2052,22.1101
RE1,PWRWND001S,WND,2053,22.1101
RE1,PWRWND001S,WND,2054,25.3648
RE1,PWRWND001S,WND,2055,30.9849
RE1,PWRWND001S,WND,2056,36.5885
RE1,PWRWND001S,WND,2057,42.1753
RE1,PWRWND001S,WND,2058,42.1753
RE1,PWRWND001S,WND,2059,42.1753
RE1,PWRWND001S,WND,2060,42.1753
RE1,PWRWND001S,WND,2061,42.1753
RE1,PWRWND001S,WND,2062,44.682
RE1,PWRWND001S,WND,2063,46.9733
RE1,PWRWND001S,WND,2064,50.1352
RE1,PWRWND001S,WND,2065,55.1467
RE1,PWRWND001S,WND,2066,59.338
RE1,PWRWND001S,WND,2067,62.9631
RE1,PWRWND001S,WND,2068,67.2883
RE1,PWRWND001S,WND,2069,71.4199
RE1,PWRWND001S,WND,2070,71.4199
