r,t,y,NewCapacity
RE1,IMPOIL,2039,20.5793
RE1,IMPOIL,2040,67.4031
RE1,IMPOIL,2041,97.917
RE1,IMPOIL,2042,123.0221
RE1,IMPOIL,2043,142.3274
RE1,IMPOIL,2044,125.098
RE1,IMPOIL,2045,106.8903
RE1,IMPOIL,2046,87.2979
RE1,IMPOIL,2047,101.5251
RE1,IMPOIL,2048,61.1057
RE1,IMPOIL,2049,28.4557
RE1,MINBIO,2015,27.6641
RE1,MINBIO,2016,27.7044
RE1,MINBIO,2017,103.4348
RE1,MINBIO,2018,179.1675
RE1,MINBIO,2019,254.9026
RE1,MINBIO,2020,330.6402
RE1,MINBIO,2021,323.688
RE1,MINBIO,2022,316.4172
RE1,MINBIO,2023,308.8381
RE1,MINBIO,2024,300.9602
RE1,MINBIO,2025,292.7908
RE1,MINBIO,2026,284.0511
RE1,MINBIO,2027,275.0602
RE1,MINBIO,2028,265.8217
RE1,MINBIO,2029,256.3382
RE1,MINBIO,2030,246.6115
RE1,MINBIO,2031,230.0319
RE1,MINBIO,2032,214.2591
RE1,MINBIO,2033,199.1849
RE1,MINBIO,2034,184.7207
RE1,MINBIO,2035,178.5531
RE1,MINBIO,2036,166.6381
RE1,MINBIO,2037,154.6972
RE1,MINBIO,2038,142.7399
RE1,MINBIO,2039,135.925
RE1,MINBIO,2040,118.8073
RE1,MINBIO,2041,106.5129
RE1,MINBIO,2042,96.4035
RE1,MINBIO,2043,82.8977
RE1,MINBIO,2044,69.8678
RE1,MINBIO,2045,57.9175
RE1,MINBIO,2046,45.8905
RE1,MINBIO,2047,34.0953
RE1,MINBIO,2048,22.5212
RE1,MINBIO,2049,11.1589
RE1,IMPCOA,2015,8.1033
RE1,IMPCOA,2016,8.5372
RE1,IMPCOA,2017,8.9943
RE1,IMPCOA,2018,9.4759
RE1,IMPCOA,2019,9.9832
RE1,IMPCOA,2020,10.5178
RE1,IMPCOA,2021,10.5572
RE1,IMPCOA,2022,10.5812
RE1,IMPCOA,2023,10.589
RE1,IMPCOA,2024,10.58
RE1,IMPCOA,2025,11.9801
RE1,IMPCOA,2026,18.0036
RE1,IMPCOA,2027,10.4221
RE1,IMPCOA,2028,10.3268
RE1,IMPCOA,2029,10.2102
RE1,IMPCOA,2030,10.0712
RE1,IMPCOA,2031,9.7147
RE1,IMPCOA,2032,9.3574
RE1,IMPCOA,2033,8.9958
RE1,IMPCOA,2034,12.5969
RE1,IMPCOA,2035,19.5117
RE1,IMPCOA,2036,24.4384
RE1,IMPCOA,2037,28.6947
RE1,IMPCOA,2038,29.7832
RE1,IMPCOA,2039,29.7832
RE1,IMPCOA,2040,29.7832
RE1,IMPCOA,2041,29.7832
RE1,IMPCOA,2042,25.3661
RE1,IMPCOA,2043,19.4816
RE1,IMPCOA,2044,19.4801
RE1,IMPCOA,2045,18.6959
RE1,IMPCOA,2046,16.9073
RE1,IMPCOA,2047,14.2344
RE1,IMPCOA,2048,10.5898
RE1,IMPCOA,2049,5.879
RE1,IMPLFO,2015,202.5455
RE1,IMPLFO,2016,213.3901
RE1,IMPLFO,2017,224.8153
RE1,IMPLFO,2018,236.8523
RE1,IMPLFO,2019,249.5338
RE1,IMPLFO,2020,262.8942
RE1,IMPLFO,2021,249.8237
RE1,IMPLFO,2022,239.4345
RE1,IMPLFO,2023,233.8688
RE1,IMPLFO,2024,230.0492
RE1,IMPLFO,2025,220.4302
RE1,IMPLFO,2026,228.8534
RE1,IMPLFO,2027,246.2921
RE1,IMPLFO,2028,258.1209
RE1,IMPLFO,2029,255.2071
RE1,IMPLFO,2030,251.7321
RE1,IMPLFO,2031,242.8217
RE1,IMPLFO,2032,233.8898
RE1,IMPLFO,2033,224.853
RE1,IMPLFO,2034,215.6385
RE1,IMPLFO,2035,215.5482
RE1,IMPLFO,2036,208.0249
RE1,IMPLFO,2037,199.7033
RE1,IMPLFO,2038,190.5494
RE1,IMPLFO,2039,173.4284
RE1,IMPLFO,2040,130.3802
RE1,IMPLFO,2041,77.3749
RE1,IMPLFO,2042,32.0278
RE1,UPSREF001,2039,20.5793
RE1,UPSREF001,2040,46.8238
RE1,UPSREF001,2041,30.5139
RE1,UPSREF001,2042,25.1051
RE1,UPSREF001,2043,19.3052
RE1,MINNGS,2022,15.9998
RE1,MINNGS,2023,28.3495
RE1,MINNGS,2024,28.3495
RE1,MINNGS,2025,28.3495
RE1,MINNGS,2026,28.3495
RE1,MINNGS,2027,28.3495
RE1,MINNGS,2028,28.3495
RE1,MINNGS,2029,28.3495
RE1,MINNGS,2030,28.3495
RE1,MINNGS,2031,28.3495
RE1,MINNGS,2032,28.3495
RE1,MINNGS,2033,28.3495
RE1,MINNGS,2034,28.3495
RE1,MINNGS,2035,28.3495
RE1,MINNGS,2036,28.3495
RE1,MINNGS,2037,26.2766
RE1,MINNGS,2038,23.553
RE1,MINNGS,2039,20.2499
RE1,MINNGS,2040,19.7919
RE1,MINNGS,2041,19.0986
RE1,MINNGS,2042,18.1576
RE1,MINNGS,2043,14.1489
RE1,MINNGS,2044,7.7395
RE1,MINNGS,2045,6.8567
RE1,MINNGS,2046,11.1866
RE1,MINNGS,2047,9.2543
RE1,MINNGS,2048,6.5288
RE1,MINNGS,2049,6.7821
RE1,MINSOL,2015,0.3439
RE1,MINSOL,2017,0.3488
RE1,MINSOL,2021,1.0767
RE1,MINSOL,2022,1.0767
RE1,MINSOL,2023,1.3911
RE1,MINSOL,2024,4.2694
RE1,MINSOL,2025,14.7222
RE1,MINSOL,2026,15.8163
RE1,MINSOL,2027,16.6427
RE1,MINSOL,2028,17.5168
RE1,MINSOL,2029,18.4412
RE1,MINSOL,2030,40.5993
RE1,MINSOL,2031,52.6433
RE1,MINSOL,2032,60.5098
RE1,MINSOL,2033,63.0897
RE1,MINSOL,2034,65.8783
RE1,MINSOL,2035,72.0148
RE1,MINSOL,2036,76.382
RE1,MINSOL,2037,81.037
RE1,MINSOL,2038,86.0014
RE1,MINSOL,2039,92.2172
RE1,MINSOL,2040,96.9538
RE1,MINSOL,2041,102.7999
RE1,MINSOL,2042,106.7348
RE1,MINSOL,2043,112.0183
RE1,MINSOL,2044,117.5852
RE1,MINSOL,2045,123.4525
RE1,MINSOL,2046,129.0851
RE1,MINSOL,2047,135.0384
RE1,MINSOL,2048,138.7312
RE1,MINSOL,2049,147.9778
RE1,MINSOL,2050,200.5096
RE1,MINSOL,2051,205.7743
RE1,MINSOL,2052,211.1927
RE1,MINSOL,2053,216.7695
RE1,MINSOL,2054,222.5096
RE1,MINSOL,2055,228.4181
RE1,MINSOL,2056,234.5005
RE1,MINSOL,2057,240.762
RE1,MINSOL,2058,247.2087
RE1,MINSOL,2059,253.8464
RE1,MINSOL,2060,260.6815
RE1,MINSOL,2061,265.7342
RE1,MINSOL,2062,270.892
RE1,MINSOL,2063,276.1575
RE1,MINSOL,2064,281.5331
RE1,MINSOL,2065,287.0217
RE1,MINSOL,2066,292.6257
RE1,MINSOL,2067,298.3479
RE1,MINSOL,2068,304.191
RE1,MINSOL,2069,310.1581
RE1,MINSOL,2070,406.4961
RE1,MINWND,2024,0.0315
RE1,MINWND,2025,0.0315
RE1,MINWND,2026,0.3155
RE1,MINWND,2027,0.3155
RE1,MINWND,2028,3.1071
RE1,MINWND,2029,19.3861
RE1,MINWND,2030,19.9821
RE1,MINWND,2031,20.4368
RE1,MINWND,2032,23.5414
RE1,MINWND,2033,26.2634
RE1,MINWND,2034,28.5719
RE1,MINWND,2035,34.1021
RE1,MINWND,2036,36.1702
RE1,MINWND,2037,38.3745
RE1,MINWND,2038,46.3702
RE1,MINWND,2039,49.1777
RE1,MINWND,2040,48.1384
RE1,MINWND,2041,49.862
RE1,MINWND,2042,50.5436
RE1,MINWND,2043,53.0456
RE1,MINWND,2044,55.6817
RE1,MINWND,2045,58.4601
RE1,MINWND,2046,61.1274
RE1,MINWND,2047,63.9466
RE1,MINWND,2048,66.9259
RE1,MINWND,2049,70.074
RE1,MINWND,2050,94.9501
RE1,MINWND,2051,97.4432
RE1,MINWND,2052,100.009
RE1,MINWND,2053,102.6498
RE1,MINWND,2054,105.368
RE1,MINWND,2055,108.166
RE1,MINWND,2056,111.0462
RE1,MINWND,2057,114.0114
RE1,MINWND,2058,117.0642
RE1,MINWND,2059,120.2074
RE1,MINWND,2060,123.4441
RE1,MINWND,2061,125.8368
RE1,MINWND,2062,128.2792
RE1,MINWND,2063,130.7726
RE1,MINWND,2064,133.3182
RE1,MINWND,2065,135.9173
RE1,MINWND,2066,138.5711
RE1,MINWND,2067,141.2808
RE1,MINWND,2068,144.0478
RE1,MINWND,2069,146.8734
RE1,MINWND,2070,237.3289
RE1,MINHYD,2015,5.8566
RE1,MINHYD,2016,5.3692
RE1,MINHYD,2017,7.3789
RE1,MINHYD,2018,4.9079
RE1,MINHYD,2019,4.1785
RE1,MINHYD,2020,3.0091
RE1,MINHYD,2021,14.1284
RE1,MINHYD,2022,18.015
RE1,MINHYD,2023,18.015
RE1,MINHYD,2024,18.015
RE1,MINHYD,2025,18.015
RE1,MINHYD,2026,18.015
RE1,MINHYD,2027,18.015
RE1,MINHYD,2028,18.015
RE1,MINHYD,2029,18.015
RE1,MINHYD,2030,18.015
RE1,MINHYD,2031,18.015
RE1,MINHYD,2032,18.015
RE1,MINHYD,2033,18.015
RE1,MINHYD,2034,18.015
RE1,MINHYD,2035,18.015
RE1,MINHYD,2036,18.015
RE1,MINHYD,2037,18.015
RE1,MINHYD,2038,18.015
RE1,MINHYD,2039,18.015
RE1,MINHYD,2040,18.015
RE1,MINHYD,2041,18.015
RE1,MINHYD,2042,18.015
RE1,MINHYD,2043,18.015
RE1,MINHYD,2044,18.015
RE1,MINHYD,2045,18.015
RE1,MINHYD,2046,18.015
RE1,MINHYD,2047,18.015
RE1,MINHYD,2048,18.015
RE1,MINHYD,2049,18.015
RE1,MINHYD,2050,18.015
RE1,MINHYD,2051,18.015
RE1,MINHYD,2052,18.015
RE1,MINHYD,2053,18.015
RE1,MINHYD,2054,18.015
RE1,MINHYD,2055,18.015
RE1,MINHYD,2056,18.015
RE1,MINHYD,2057,18.015
RE1,MINHYD,2058,18.015
RE1,MINHYD,2059,18.015
RE1,MINHYD,2060,18.015
RE1,MINHYD,2061,18.015
RE1,MINHYD,2062,18.015
RE1,MINHYD,2063,18.015
RE1,MINHYD,2064,18.015
RE1,MINHYD,2065,18.015
RE1,MINHYD,2066,18.015
RE1,MINHYD,2067,18.015
RE1,MINHYD,2068,18.015
RE1,MINHYD,2069,18.015
RE1,MINHYD,2070,18.015
RE1,PWRBIO001,2024,0.0453
RE1,PWRBIO001,2026,0.0605
RE1,PWRBIO001,2027,0.2543
RE1,PWRBIO001,2033,0.2344
RE1,PWRBIO001,2035,0.6782
RE1,PWRBIO001,2036,0.2927
RE1,PWRBIO001,2037,0.0807
RE1,PWRBIO001,2038,0.3233
RE1,PWRCOA001,2035,0.0315
RE1,PWRCOA001,2036,0.0603
RE1,PWRCOA001,2037,0.0508
RE1,PWRCOA001,2038,0.2713
RE1,PWROHC001,2038,0.9887
RE1,PWROHC002,2039,0.0287
RE1,PWROHC002,2040,0.0653
RE1,PWROHC002,2041,0.0425
RE1,PWROHC002,2042,0.035
RE1,PWROHC002,2043,0.0269
RE1,PWRNGS001,2022,0.2886
RE1,PWRNGS001,2023,0.2228
RE1,PWRSOL001,2024,0.1819
RE1,PWRSOL001,2025,0.7064
RE1,PWRSOL001,2026,0.0063
RE1,PWRSOL001,2027,0.0275
RE1,PWRSOL001,2028,0.0629
RE1,PWRSOL001,2029,0.0665
RE1,PWRSOL001,2030,0.0703
RE1,PWRSOL001,2031,0.0536
RE1,PWRSOL001,2032,0.0584
RE1,PWRSOL001,2033,0.0633
RE1,PWRSOL001,2034,0.3205
RE1,PWRSOL001,2035,0.1507
RE1,PWRSOL001,2036,0.1072
RE1,PWRSOL001,2037,0.1143
RE1,PWRSOL001,2038,0.1219
RE1,PWRSOL001,2039,0.1301
RE1,PWRSOL001,2040,0.1389
RE1,PWRSOL001,2041,0.117
RE1,PWRSOL001,2042,0.1232
RE1,PWRSOL001,2043,0.1297
RE1,PWRSOL001,2044,0.1367
RE1,PWRSOL001,2045,0.1441
RE1,PWRSOL001,2046,0.1383
RE1,PWRSOL001,2047,0.1462
RE1,PWRSOL001,2048,0.4048
RE1,PWRSOL001,2049,0.8012
RE1,PWRSOL001,2050,1.2961
RE1,PWRSOL001,2051,0.1567
RE1,PWRSOL001,2052,0.1959
RE1,PWRSOL001,2053,0.2034
RE1,PWRSOL001,2054,0.2112
RE1,PWRSOL001,2055,0.1987
RE1,PWRSOL001,2056,0.2078
RE1,PWRSOL001,2057,0.2171
RE1,PWRSOL001,2058,0.4788
RE1,PWRSOL001,2059,0.3137
RE1,PWRSOL001,2060,0.2751
RE1,PWRSOL001,2061,0.2384
RE1,PWRSOL001,2062,0.2485
RE1,PWRSOL001,2063,0.2594
RE1,PWRSOL001,2064,0.2708
RE1,PWRSOL001,2065,0.2518
RE1,PWRSOL001,2066,0.2608
RE1,PWRSOL001,2067,0.2702
RE1,PWRSOL001,2068,0.2802
RE1,PWRSOL001,2069,0.2906
RE1,PWRSOL001,2070,2.5038
RE1,PWRHYD001,2021,0.0384
RE1,PWRHYD001,2022,0.1553
RE1,PWRHYD001,2051,0.24
RE1,PWRHYD002,2021,0.0743
RE1,PWRHYD002,2051,0.092
RE1,PWRHYD003,2021,0.108
RE1,PWRWND001,2028,0.4424
RE1,PWRWND001,2029,1.2588
RE1,PWRWND001,2030,0.0945
RE1,PWRWND001,2031,0.0721
RE1,PWRWND001,2032,0.0785
RE1,PWRWND001,2033,0.1351
RE1,PWRWND001,2034,0.092
RE1,PWRWND001,2035,0.2024
RE1,PWRWND001,2036,0.1441
RE1,PWRWND001,2037,0.1536
RE1,PWRWND001,2038,0.8478
RE1,PWRWND001,2043,0.1743
RE1,PWRWND001,2044,0.1836
RE1,PWRWND001,2045,0.1936
RE1,PWRWND001,2046,0.1858
RE1,PWRWND001,2047,0.1964
RE1,PWRWND001,2048,0.2076
RE1,PWRWND001,2049,0.2193
RE1,PWRWND001,2050,1.733
RE1,PWRWND001,2051,0.1737
RE1,PWRWND001,2052,0.1788
RE1,PWRWND001,2053,0.6264
RE1,PWRWND001,2054,1.4481
RE1,PWRWND001,2055,0.2894
RE1,PWRWND001,2056,0.2727
RE1,PWRWND001,2057,0.2851
RE1,PWRWND001,2058,0.3478
RE1,PWRWND001,2059,0.311
RE1,PWRWND001,2060,0.4279
RE1,PWRWND001,2061,0.3108
RE1,PWRWND001,2062,0.3237
RE1,PWRWND001,2063,1.0215
RE1,PWRWND001,2064,0.1773
RE1,PWRWND001,2065,0.1811
RE1,PWRWND001,2066,0.1849
RE1,PWRWND001,2067,0.1888
RE1,PWRWND001,2068,0.3671
RE1,PWRWND001,2069,0.3805
RE1,PWRSOL001S,2025,0.9071
RE1,PWRSOL001S,2026,0.0482
RE1,PWRSOL001S,2027,0.051
RE1,PWRSOL001S,2028,0.0539
RE1,PWRSOL001S,2029,0.057
RE1,PWRSOL001S,2030,0.0603
RE1,PWRSOL001S,2031,0.046
RE1,PWRSOL001S,2032,0.0501
RE1,PWRSOL001S,2033,0.0543
RE1,PWRSOL001S,2034,0.0587
RE1,PWRSOL001S,2035,0.1291
RE1,PWRSOL001S,2036,0.0919
RE1,PWRSOL001S,2037,0.098
RE1,PWRSOL001S,2038,0.1045
RE1,PWRSOL001S,2039,0.1115
RE1,PWRSOL001S,2040,0.119
RE1,PWRSOL001S,2041,0.1003
RE1,PWRSOL001S,2042,0.1056
RE1,PWRSOL001S,2043,0.1112
RE1,PWRSOL001S,2044,0.1172
RE1,PWRSOL001S,2045,0.1235
RE1,PWRSOL001S,2046,0.1185
RE1,PWRSOL001S,2047,0.1253
RE1,PWRSOL001S,2048,0.1324
RE1,PWRSOL001S,2049,1.1179
RE1,PWRSOL001S,2050,1.3834
RE1,PWRSOL001S,2051,0.1664
RE1,PWRSOL001S,2052,0.1727
RE1,PWRSOL001S,2053,0.1792
RE1,PWRSOL001S,2054,0.1861
RE1,PWRSOL001S,2055,0.1755
RE1,PWRSOL001S,2056,0.1834
RE1,PWRSOL001S,2057,0.1916
RE1,PWRSOL001S,2058,0.2
RE1,PWRSOL001S,2059,0.2747
RE1,PWRSOL001S,2060,0.2418
RE1,PWRSOL001S,2061,0.2087
RE1,PWRSOL001S,2062,0.2175
RE1,PWRSOL001S,2063,0.2269
RE1,PWRSOL001S,2064,0.1668
RE1,PWRSOL001S,2065,0.2249
RE1,PWRSOL001S,2066,0.2328
RE1,PWRSOL001S,2067,0.2411
RE1,PWRSOL001S,2068,0.2498
RE1,PWRSOL001S,2069,0.259
RE1,PWRSOL001S,2070,2.1209
RE1,PWRWND001S,2029,1.7271
RE1,PWRWND001S,2032,0.5406
RE1,PWRWND001S,2033,0.4527
RE1,PWRWND001S,2034,0.358
RE1,PWRWND001S,2035,0.8811
RE1,PWRWND001S,2036,0.2401
RE1,PWRWND001S,2037,0.2559
RE1,PWRWND001S,2038,0.5483
RE1,PWRWND001S,2039,0.5817
RE1,PWRWND001S,2041,0.1418
RE1,PWRWND001S,2042,0.1412
RE1,PWRWND001S,2043,0.2905
RE1,PWRWND001S,2044,0.3061
RE1,PWRWND001S,2045,0.3226
RE1,PWRWND001S,2046,0.3097
RE1,PWRWND001S,2047,0.3273
RE1,PWRWND001S,2048,0.3459
RE1,PWRWND001S,2049,0.3655
RE1,PWRWND001S,2050,2.8884
RE1,PWRWND001S,2051,0.2895
RE1,PWRWND001S,2052,0.2979
RE1,PWRWND001S,2053,0.3066
RE1,PWRWND001S,2054,2.0427
RE1,PWRWND001S,2055,0.3249
RE1,PWRWND001S,2056,0.3344
RE1,PWRWND001S,2057,0.8849
RE1,PWRWND001S,2058,0.8072
RE1,PWRWND001S,2059,0.723
RE1,PWRWND001S,2060,1.2569
RE1,PWRWND001S,2061,0.5179
RE1,PWRWND001S,2062,0.5395
RE1,PWRWND001S,2063,0.8378
RE1,PWRWND001S,2064,0.8772
RE1,PWRWND001S,2065,0.3018
RE1,PWRWND001S,2066,0.4499
RE1,PWRWND001S,2067,0.4558
RE1,PWRWND001S,2068,0.6118
RE1,PWRWND001S,2069,0.6342
RE1,PWRWND001S,2070,5.6196
RE1,PWRTRNIMP,2015,0.3826
RE1,PWRTRNIMP,2016,0.4488
RE1,PWRTRNIMP,2017,0.4279
RE1,PWRTRNIMP,2018,0.5014
RE1,PWRTRNIMP,2019,0.5022
RE1,PWRTRNIMP,2020,0.4937
RE1,PWRTRNIMP,2021,0.4717
RE1,PWRTRNIMP,2022,0.5042
RE1,PWRTRNIMP,2023,0.4687
RE1,PWRTRNIMP,2024,0.5257
RE1,PWRTRNIMP,2025,0.6728
RE1,PWRTRNIMP,2026,0.6749
RE1,PWRTRNIMP,2027,0.6786
RE1,PWRTRNIMP,2028,0.6711
RE1,PWRTRNIMP,2029,0.396
RE1,PWRTRNIMP,2030,0.396
RE1,PWRTRNIMP,2031,0.396
RE1,PWRTRNIMP,2032,0.2376
RE1,PWRTRNIMP,2033,0.2376
RE1,PWRTRNIMP,2034,0.2376
RE1,PWRTRN,2015,0.0309
RE1,PWRTRN,2016,0.0397
RE1,PWRTRN,2017,0.0217
RE1,PWRTRN,2018,0.0162
RE1,PWRTRN,2021,0.0851
RE1,PWRTRN,2022,0.3283
RE1,PWRTRN,2023,0.2109
RE1,PWRTRN,2024,0.1494
RE1,PWRTRN,2025,0.2868
RE1,PWRTRN,2026,0.0547
RE1,PWRTRN,2027,0.1113
RE1,PWRTRN,2028,0.1133
RE1,PWRTRN,2029,0.4404
RE1,PWRTRN,2030,0.0288
RE1,PWRTRN,2031,0.0029
RE1,PWRTRN,2032,0.0914
RE1,PWRTRN,2033,0.2005
RE1,PWRTRN,2034,0.0553
RE1,PWRTRN,2035,0.588
RE1,PWRTRN,2036,0.2616
RE1,PWRTRN,2037,0.2255
RE1,PWRTRN,2038,1.0344
RE1,PWRTRN,2048,0.1022
RE1,PWRTRN,2049,0.1995
RE1,PWRTRN,2050,1.5892
RE1,PWRTRN,2051,0.1701
RE1,PWRTRN,2052,0.175
RE1,PWRTRN,2053,0.1801
RE1,PWRTRN,2054,0.1854
RE1,PWRTRN,2055,0.1909
RE1,PWRTRN,2056,0.1965
RE1,PWRTRN,2057,0.2023
RE1,PWRTRN,2058,0.2082
RE1,PWRTRN,2059,0.2144
RE1,PWRTRN,2060,0.2208
RE1,PWRTRN,2061,0.1632
RE1,PWRTRN,2062,0.1666
RE1,PWRTRN,2063,0.1701
RE1,PWRTRN,2064,0.2115
RE1,PWRTRN,2065,0.2059
RE1,PWRTRN,2066,0.2183
RE1,PWRTRN,2067,0.2041
RE1,PWRTRN,2068,0.2024
RE1,PWRTRN,2069,0.1902
RE1,PWRTRN,2070,1.1632
RE1,PWRDIST,2015,0.03
RE1,PWRDIST,2016,0.0385
RE1,PWRDIST,2017,0.021
RE1,PWRDIST,2018,0.0157
RE1,PWRDIST,2021,0.0826
RE1,PWRDIST,2022,0.3185
RE1,PWRDIST,2023,0.2045
RE1,PWRDIST,2024,0.1449
RE1,PWRDIST,2025,0.2782
RE1,PWRDIST,2026,0.0531
RE1,PWRDIST,2027,0.1079
RE1,PWRDIST,2028,0.1099
RE1,PWRDIST,2029,0.4272
RE1,PWRDIST,2030,0.028
RE1,PWRDIST,2031,0.0028
RE1,PWRDIST,2032,0.0887
RE1,PWRDIST,2033,0.1945
RE1,PWRDIST,2034,0.0536
RE1,PWRDIST,2035,0.5704
RE1,PWRDIST,2036,0.2537
RE1,PWRDIST,2037,0.2188
RE1,PWRDIST,2038,1.0033
RE1,PWRDIST,2048,0.0992
RE1,PWRDIST,2049,0.1935
RE1,PWRDIST,2050,1.5415
RE1,PWRDIST,2051,0.165
RE1,PWRDIST,2052,0.1698
RE1,PWRDIST,2053,0.1747
RE1,PWRDIST,2054,0.1798
RE1,PWRDIST,2055,0.1851
RE1,PWRDIST,2056,0.1906
RE1,PWRDIST,2057,0.1962
RE1,PWRDIST,2058,0.202
RE1,PWRDIST,2059,0.208
RE1,PWRDIST,2060,0.2142
RE1,PWRDIST,2061,0.1583
RE1,PWRDIST,2062,0.1616
RE1,PWRDIST,2063,0.165
RE1,PWRDIST,2064,0.2051
RE1,PWRDIST,2065,0.1697
RE1,PWRDIST,2066,0.1733
RE1,PWRDIST,2067,0.1769
RE1,PWRDIST,2068,0.1807
RE1,PWRDIST,2069,0.1845
RE1,PWRDIST,2070,1.1283
RE1,PWRSOL002,2030,1.5228
RE1,PWRSOL002,2031,0.8127
RE1,PWRSOL002,2032,0.5076
RE1,PWRSOL002,2033,0.1228
RE1,PWRSOL002,2034,0.1326
RE1,PWRSOL002,2035,0.2936
RE1,PWRSOL002,2036,0.2101
RE1,PWRSOL002,2037,0.223
RE1,PWRSOL002,2038,0.2358
RE1,PWRSOL002,2039,0.4544
RE1,PWRSOL002,2040,0.064
RE1,PWRSOL002,2041,0.3033
RE1,PWRSOL002,2042,0.1674
RE1,PWRSOL002,2043,0.252
RE1,PWRSOL002,2044,0.2635
RE1,PWRSOL002,2045,0.2777
RE1,PWRSOL002,2046,0.2666
RE1,PWRSOL002,2047,0.2818
RE1,PWRSOL002,2048,0.2978
RE1,PWRSOL002,2049,0.3147
RE1,PWRSOL002,2050,2.4865
RE1,PWRSOL002,2051,0.2492
RE1,PWRSOL002,2052,0.2565
RE1,PWRSOL002,2053,0.264
RE1,PWRSOL002,2054,1.7945
RE1,PWRSOL002,2055,1.0924
RE1,PWRSOL002,2056,0.7955
RE1,PWRSOL002,2057,0.4191
RE1,PWRSOL002,2058,0.4377
RE1,PWRSOL002,2059,0.6078
RE1,PWRSOL002,2060,0.5336
RE1,PWRSOL002,2061,0.4622
RE1,PWRSOL002,2062,0.4799
RE1,PWRSOL002,2063,0.7037
RE1,PWRSOL002,2064,0.3184
RE1,PWRSOL002,2065,0.563
RE1,PWRSOL002,2066,0.4327
RE1,PWRSOL002,2067,0.5229
RE1,PWRSOL002,2068,0.5401
RE1,PWRSOL002,2069,0.5601
RE1,PWRSOL002,2070,4.8265
RE1,PWRHYD004,2021,0.012
RE1,PWRTRNEXP,2015,0.011
RE1,PWRTRNEXP,2016,0.0123
RE1,PWRTRNEXP,2017,0.0125
RE1,PWRTRNEXP,2018,0.0142
RE1,PWRTRNEXP,2019,0.0142
RE1,PWRTRNEXP,2020,0.0142
RE1,PWRTRNEXP,2021,0.0161
RE1,PWRTRNEXP,2022,0.0142
RE1,PWRTRNEXP,2023,0.0164
RE1,PWRTRNEXP,2024,0.0142
RE1,PWRTRNEXP,2025,0.0688
RE1,PWRTRNEXP,2026,0.0436
RE1,PWRTRNEXP,2027,0.0331
RE1,PWRTRNEXP,2028,0.0331
RE1,PWRTRNEXP,2029,0.0331
RE1,PWRTRNEXP,2030,0.0248
RE1,PWRTRNEXP,2031,0.0248
RE1,PWRTRNEXP,2032,0.0248
RE1,PWRTRNEXP,2033,0.0248
RE1,PWRTRNEXP,2034,0.0248
RE1,PWRTRNEXP,2035,0.0554
RE1,PWRTRNEXP,2036,0.0497
RE1,PWRTRNEXP,2037,0.0649
RE1,PWRTRNEXP,2038,0.0331
RE1,PWRTRNEXP,2039,0.0248
RE1,PWRTRNEXP,2040,0.0248
RE1,PWRTRNEXP,2041,0.0248
RE1,PWRTRNEXP,2042,0.0248
RE1,PWRTRNEXP,2043,0.0756
RE1,PWRTRNEXP,2044,0.0124
RE1,PWRTRNEXP,2045,0.0145
RE1,PWRTRNEXP,2046,0.0142
RE1,PWRTRNEXP,2047,0.0621
RE1,PWRTRNEXP,2048,0.0994
RE1,PWRTRNEXP,2049,0.0994
RE1,PWRTRNEXP,2050,0.0761
RE1,PWRTRNEXP,2051,0.0761
RE1,PWRTRNEXP,2052,0.0761
RE1,PWRTRNEXP,2053,0.0497
RE1,PWRTRNEXP,2054,0.0497
RE1,PWRTRNEXP,2055,0.0497
RE1,PWRTRNEXP,2056,0.0497
RE1,PWRTRNEXP,2057,0.0761
RE1,PWRTRNEXP,2058,0.0497
RE1,PWRTRNEXP,2059,0.0761
RE1,PWRTRNEXP,2060,0.0497
RE1,PWRTRNEXP,2061,0.0761
RE1,PWRTRNEXP,2062,0.0497
RE1,PWRTRNEXP,2063,0.0703
RE1,PWRTRNEXP,2064,0.0994
RE1,PWRTRNEXP,2065,0.0994
RE1,PWRTRNEXP,2066,0.0994
RE1,PWRTRNEXP,2067,0.0994
RE1,PWRTRNEXP,2068,0.0994
RE1,PWRTRNEXP,2069,0.0994
RE1,PWRTRNEXP,2070,0.0912
RE1,DEMTRAEVC,2021,0.1639
RE1,DEMTRAEVC,2022,0.1639
RE1,DEMTRAEVC,2023,0.1639
RE1,DEMTRAEVC,2024,0.1639
RE1,DEMTRAEVC,2025,0.1639
RE1,DEMTRAEVC,2026,0.0602
RE1,DEMTRAEVC,2027,0.0292
RE1,DEMTRAEVC,2028,0.0305
RE1,DEMTRAEVC,2029,0.0328
RE1,DEMTRAEVC,2030,0.0347
RE1,DEMTRAEVC,2031,0.3004
RE1,DEMTRAEVC,2032,0.2896
RE1,DEMTRAEVC,2033,0.168
RE1,DEMTRAEVC,2034,0.3531
RE1,DEMTRAEVC,2035,0.2812
RE1,DEMTRAEVC,2036,0.2256
RE1,DEMTRAEVC,2037,0.5812
RE1,DEMTRAEVC,2038,1.1489
RE1,DEMTRAEVC,2070,1.8275
RE1,DEMTRAMCYELC,2021,0.1477
RE1,DEMTRAMCYELC,2022,0.1477
RE1,DEMTRAMCYELC,2023,0.1477
RE1,DEMTRAMCYELC,2024,0.1477
RE1,DEMTRAMCYELC,2025,0.1477
RE1,DEMTRAMCYELC,2026,0.0542
RE1,DEMTRAMCYELC,2027,0.0263
RE1,DEMTRAMCYELC,2028,0.0275
RE1,DEMTRAMCYELC,2029,0.1477
RE1,DEMTRAMCYELC,2030,0.1477
RE1,DEMTRAMCYELC,2031,0.1477
RE1,DEMTRAMCYELC,2032,0.1477
RE1,DEMTRAMCYELC,2033,0.1477
RE1,DEMTRAMCYELC,2034,0.1477
RE1,DEMTRAMCYELC,2035,0.1477
RE1,DEMTRAMCYELC,2036,0.1477
RE1,DEMTRAMCYELC,2037,0.1477
RE1,DEMTRAMCYELC,2038,0.1477
RE1,DEMTRAMCYELC,2039,0.1477
RE1,DEMTRAMCYELC,2040,0.1477
RE1,DEMTRAMCYELC,2041,0.0542
RE1,DEMTRAMCYELC,2042,0.0263
RE1,DEMTRAMCYELC,2043,0.0275
RE1,DEMTRAMCYELC,2044,0.0141
RE1,DEMTRAMCYELC,2045,0.0481
RE1,DEMTRAMCYELC,2048,0.0667
RE1,DEMTRAMCYELC,2049,0.1477
RE1,DEMTRAMCYELC,2050,0.1477
RE1,DEMTRAMCYELC,2051,0.1477
RE1,DEMTRAMCYELC,2052,0.1477
RE1,DEMTRAMCYELC,2053,0.1477
RE1,DEMTRAMCYELC,2054,0.1477
RE1,DEMTRAMCYELC,2055,0.1477
RE1,DEMTRAMCYELC,2056,0.1477
RE1,DEMTRAMCYELC,2057,0.1477
RE1,DEMTRAMCYELC,2058,0.1477
RE1,DEMTRAMCYELC,2059,0.1422
RE1,DEMTRAMCYELC,2060,0.1477
RE1,DEMTRAMCYELC,2061,0.1477
RE1,DEMTRAMCYELC,2062,0.1477
RE1,DEMTRAMCYELC,2063,0.1477
RE1,DEMTRAMCYELC,2064,0.1477
RE1,DEMTRAMCYELC,2065,0.1477
RE1,DEMTRAMCYELC,2066,0.1477
RE1,DEMTRAMCYELC,2067,0.1477
RE1,DEMTRAMCYELC,2068,0.1477
RE1,DEMTRAMCYELC,2069,0.1477
RE1,DEMTRAMCYELC,2070,0.1477
RE1,DEMTRACARELC,2031,0.1385
RE1,DEMTRACARELC,2032,0.1437
RE1,DEMTRACARELC,2033,0.1437
RE1,DEMTRACARELC,2034,0.1437
RE1,DEMTRACARELC,2035,0.1437
RE1,DEMTRACARELC,2036,0.1437
RE1,DEMTRACARELC,2037,0.1437
RE1,DEMTRACARELC,2038,0.1437
RE1,DEMTRACARELC,2050,0.1437
RE1,DEMTRACARELC,2051,0.1437
RE1,DEMTRACARELC,2052,0.1437
RE1,DEMTRACARELC,2053,0.1437
RE1,DEMTRACARELC,2054,0.1437
RE1,DEMTRACARELC,2055,0.1437
RE1,DEMTRACARELC,2056,0.1437
RE1,DEMTRACARELC,2057,0.1437
RE1,DEMTRACARELC,2058,0.1437
RE1,DEMTRACARELC,2059,0.0725
RE1,DEMTRACARELC,2060,0.105
RE1,DEMTRACARELC,2061,0.1305
RE1,DEMTRACARELC,2062,0.1437
RE1,DEMTRACARELC,2063,0.1437
RE1,DEMTRACARELC,2064,0.1437
RE1,DEMTRACARELC,2065,0.1437
RE1,DEMTRACARELC,2066,0.1437
RE1,DEMTRACARELC,2067,0.1437
RE1,DEMTRACARELC,2068,0.1437
RE1,DEMTRACARELC,2069,0.1437
RE1,DEMTRACARELC,2070,0.1437
RE1,DEMTRABUSELC,2036,0.0079
RE1,DEMTRABUSELC,2037,0.101
RE1,DEMTRABUSELC,2038,0.7896
RE1,DEMTRABUSELC,2070,0.6086
RE1,DEMTRAMCYGSL,2015,0.4867
RE1,DEMTRAMCYGSL,2016,0.0261
RE1,DEMTRAMCYGSL,2017,0.0275
RE1,DEMTRAMCYGSL,2018,0.0289
RE1,DEMTRAMCYGSL,2019,0.0305
RE1,DEMTRAMCYGSL,2020,0.0321
RE1,DEMTRACARGSL,2015,0.4867
RE1,DEMTRACARGSL,2016,0.2067
RE1,DEMTRACARGSL,2017,0.1075
RE1,DEMTRACARGSL,2018,0.1064
RE1,DEMTRABUSGSL,2015,0.3982
RE1,DEMTRABUSGSL,2016,0.0213
RE1,DEMTRABUSGSL,2017,0.0225
RE1,DEMTRABUSGSL,2018,0.0237
RE1,DEMTRABUSGSL,2019,0.0249
RE1,DEMTRABUSGSL,2020,0.0263
RE1,DEMTRABUSGSL,2021,0.7711
RE1,DEMINDELC,2015,0.5339
RE1,DEMINDELC,2016,0.0179
RE1,DEMINDELC,2017,0.0209
RE1,DEMINDELC,2018,0.0161
RE1,DEMINDELC,2022,0.0232
RE1,DEMINDELC,2023,0.045
RE1,DEMINDELC,2025,0.1931
RE1,DEMINDELC,2026,0.0061
RE1,DEMINDELC,2027,0.0427
RE1,DEMINDELC,2028,0.0394
RE1,DEMINDELC,2031,0.0265
RE1,DEMINDELC,2032,0.0466
RE1,DEMINDELC,2033,0.0703
RE1,DEMINDELC,2034,0.0274
RE1,DEMINDELC,2035,0.2446
RE1,INDENEFFDP,2024,0.3387
RE1,INDENEFFDP,2026,0.0508
RE1,INDENEFFDP,2027,0.0279
RE1,INDENEFFDP,2028,0.0298
RE1,INDENEFFDP,2029,0.0888
RE1,INDENEFFDP,2030,0.0382
RE1,INDENEFFDP,2031,0.0965
RE1,INDENEFFDP,2032,0.0417
RE1,INDENEFFDP,2033,0.0452
RE1,INDENEFFDP,2034,0.3877
RE1,INDENEFFDP,2035,0.0919
RE1,INDENEFFDP,2036,0.4588
RE1,INDENEFFDP,2037,0.1326
RE1,INDENEFFDP,2038,0.2391
RE1,INDENEFFDP,2039,0.2181
RE1,INDENEFFDP,2040,0.2366
RE1,INDENEFFDP,2041,0.2193
RE1,INDENEFFDP,2042,0.1719
RE1,INDENEFFDP,2043,0.1833
RE1,INDENEFFDP,2044,0.5342
RE1,INDENEFFDP,2045,0.2474
RE1,INDENEFFDP,2046,0.6118
RE1,INDENEFFDP,2047,0.295
RE1,INDENEFFDP,2048,0.4114
RE1,INDENEFFDP,2049,0.4011
RE1,INDENEFFDP,2050,0.4308
RE1,INDENEFFDP,2051,0.3399
RE1,INDENEFFDP,2052,0.2967
RE1,INDENEFFDP,2053,0.3124
RE1,INDENEFFDP,2054,0.6676
RE1,INDENEFFDP,2055,0.3854
RE1,INDENEFFDP,2056,0.7546
RE1,INDENEFFDP,2057,0.4426
RE1,INDENEFFDP,2058,0.5642
RE1,INDENEFFDP,2059,0.5591
RE1,INDENEFFDP,2060,0.5942
RE1,INDENEFFDP,2061,0.4569
RE1,INDENEFFDP,2062,0.4165
RE1,INDENEFFDP,2063,0.435
RE1,INDENEFFDP,2064,0.7932
RE1,INDENEFFDP,2065,0.514
RE1,INDENEFFDP,2066,0.8862
RE1,INDENEFFDP,2067,0.5774
RE1,INDENEFFDP,2068,0.7022
RE1,INDENEFFDP,2069,0.7004
RE1,INDENEFFDP,2070,0.7389
RE1,DEMINDHEEH,2021,0.0107
RE1,DEMINDHEEH,2049,0.537
RE1,DEMINDHEEH,2050,0.2109
RE1,DEMINDHEEH,2058,0.017
RE1,DEMINDHEEH,2059,0.0486
RE1,DEMINDHEEH,2062,0.0137
RE1,DEMINDHEEH,2063,0.0139
RE1,DEMINDHEEH,2064,0.5518
RE1,DEMINDHEEH,2065,0.2398
RE1,DEMINDHEEH,2067,0.0149
RE1,DEMINDHEEH,2068,0.0151
RE1,DEMINDHEEH,2069,0.0154
RE1,DEMINDHEEH,2070,0.846
RE1,DEMINDHEEL,2049,0.3395
RE1,DEMINDHEEL,2050,0.2619
RE1,DEMINDHEEL,2064,0.2759
RE1,DEMINDHEEL,2065,0.3342
RE1,DEMINDHEEL,2067,0.055
RE1,DEMINDHEEL,2068,0.0681
RE1,DEMINDHECOA,2015,0.2093
RE1,DEMINDHECOA,2016,0.0112
RE1,DEMINDHECOA,2017,0.0118
RE1,DEMINDHECOA,2018,0.0124
RE1,DEMINDHECOA,2019,0.0131
RE1,DEMINDHECOA,2020,0.0138
RE1,DEMINDHECOA,2021,0.001
RE1,DEMINDHECOA,2022,0.0006
RE1,DEMINDHECOA,2023,0.0002
RE1,DEMINDHECOA,2025,0.0359
RE1,DEMINDHECOA,2026,0.0295
RE1,DEMINDHECOA,2030,0.1305
RE1,DEMINDHECOA,2031,0.002
RE1,DEMINDHECOA,2032,0.0026
RE1,DEMINDHECOA,2033,0.0031
RE1,DEMINDHECOA,2034,0.1061
RE1,DEMINDHECOA,2035,0.1339
RE1,DEMINDHECOA,2036,0.0162
RE1,DEMINDHECOA,2037,0.0162
RE1,DEMINDHECOA,2043,0.0757
RE1,DEMINDHECOA,2044,0.0169
RE1,DEMINDHECOA,2045,0.1103
RE1,DEMINDHEOIL,2015,0.0
RE1,DEMINDHEOIL,2022,0.0195
RE1,DEMINDHEOIL,2023,0.0109
RE1,DEMINDHEOIL,2024,0.0023
RE1,DEMINDHEOIL,2027,0.0493
RE1,DEMINDHEOIL,2028,0.0151
RE1,DEMINDHEOIL,2029,0.016
RE1,DEMINDHEOIL,2030,0.017
RE1,DEMINDHEOIL,2031,0.0152
RE1,DEMINDHEOIL,2032,0.0159
RE1,DEMINDHEOIL,2033,0.0166
RE1,DEMINDHEOIL,2038,0.345
RE1,DEMINDHEOIL,2039,0.0188
RE1,DEMINDHEOIL,2040,0.017
RE1,DEMINDHEOIL,2041,0.0136
RE1,DEMINDHEBIO,2015,0.0363
RE1,DEMINDHEBIO,2017,0.1022
RE1,DEMINDHEBIO,2018,0.1022
RE1,DEMINDHEBIO,2019,0.1022
RE1,DEMINDHEBIO,2020,0.1022
RE1,DEMINDHEBIO,2021,0.0056
RE1,DEMINDHEBIO,2022,0.0056
RE1,DEMINDHEBIO,2023,0.0055
RE1,DEMINDHEBIO,2024,0.0055
RE1,DEMINDHEBIO,2025,0.0055
RE1,DEMINDHEBIO,2026,0.005
RE1,DEMINDHEBIO,2027,0.0049
RE1,DEMINDHEBIO,2028,0.0049
RE1,DEMINDHEBIO,2029,0.0049
RE1,DEMINDHEBIO,2030,0.0413
RE1,DEMINDHEBIO,2032,0.0848
RE1,DEMINDHEBIO,2033,0.0946
RE1,DEMINDHEBIO,2034,0.0952
RE1,DEMINDHEBIO,2035,0.1165
RE1,DEMINDHEBIO,2036,0.0055
RE1,DEMINDHEBIO,2037,0.0054
RE1,DEMINDHEBIO,2038,0.0053
RE1,DEMINDHEBIO,2039,0.0052
RE1,DEMINDHEBIO,2040,0.0051
RE1,DEMINDHEBIO,2041,0.0026
RE1,DEMINDHEBIO,2042,0.0025
RE1,DEMINDHEBIO,2043,0.0025
RE1,DEMINDHEBIO,2044,0.0024
RE1,DEMINDHEBIO,2045,0.0387
RE1,DEMINDHEBIO,2047,0.0758
RE1,DEMINDHEBIO,2048,0.0903
RE1,DEMRESCKNELC,2021,0.1008
RE1,DEMRESCKNELC,2022,0.0734
RE1,DEMRESCKNELC,2029,0.3796
RE1,DEMRESCKNELC,2030,0.5323
RE1,DEMRESCKNELC,2045,0.1185
RE1,DEMRESCKNELC,2046,0.337
RE1,DEMRESCKNELC,2047,0.7936
RE1,DEMRESCKNELC,2048,1.2227
RE1,DEMRESCKNELC,2049,0.8043
RE1,DEMRESCKNELC,2050,0.0249
RE1,DEMRESCKNELC,2056,0.2613
RE1,DEMRESCKNELC,2057,0.7651
RE1,DEMRESCKNELC,2058,1.1792
RE1,DEMRESCKNELC,2059,0.7318
RE1,DEMRESCKNELC,2064,0.0105
RE1,DEMRESCKNELC,2065,0.183
RE1,DEMRESCKNELC,2066,0.4444
RE1,DEMRESCKNELC,2067,0.8852
RE1,DEMRESCKNELC,2068,1.1711
RE1,DEMRESCKNELC,2069,0.6789
RE1,DEMRESCKNOIL,2015,0.0
RE1,DEMRESCKNOIL,2022,0.0284
RE1,DEMRESCKNOIL,2023,0.1033
RE1,DEMRESCKNOIL,2024,0.146
RE1,DEMRESCKNOIL,2025,0.0553
RE1,DEMRESCKNOIL,2026,0.0955
RE1,DEMRESCKNOIL,2027,0.1211
RE1,DEMRESCKNOIL,2028,0.0639
RE1,DEMRESCKNOIL,2033,0.1749
RE1,DEMRESCKNOIL,2034,0.3553
RE1,DEMRESCKNOIL,2035,0.2191
RE1,DEMRESCKNOIL,2036,0.2158
RE1,DEMRESCKNOIL,2037,0.4278
RE1,DEMRESCKNOIL,2038,0.2877
RE1,DEMRESCKNOIL,2039,0.0944
RE1,DEMRESCKNOIL,2043,0.1473
RE1,DEMRESCKNOIL,2044,0.3462
RE1,DEMRESCKNOIL,2045,0.0914
RE1,DEMRESCKNBIO,2015,0.1371
RE1,DEMRESCKNBIO,2016,0.0002
RE1,DEMRESCKNBIO,2017,0.3772
RE1,DEMRESCKNBIO,2018,0.3772
RE1,DEMRESCKNBIO,2019,0.3772
RE1,DEMRESCKNBIO,2020,0.3772
RE1,DEMRESCKNBIO,2027,0.0702
RE1,DEMRESCKNBIO,2028,0.3212
RE1,DEMRESCKNBIO,2029,0.3198
RE1,DEMRESCKNBIO,2030,0.3184
RE1,DEMRESHEBIO,2015,0.0588
RE1,DEMRESHEBIO,2016,0.0001
RE1,DEMRESHEBIO,2017,0.1616
RE1,DEMRESHEBIO,2018,0.1616
RE1,DEMRESHEBIO,2019,0.1616
RE1,DEMRESHEBIO,2020,0.1616
RE1,DEMRESHEBIO,2021,0.009
RE1,DEMRESHEBIO,2022,0.0089
RE1,DEMRESHEBIO,2023,0.0088
RE1,DEMRESHEBIO,2024,0.0088
RE1,DEMRESHEBIO,2025,0.0087
RE1,DEMRESHEBIO,2026,0.0079
RE1,DEMRESHEBIO,2027,0.0079
RE1,DEMRESHEBIO,2028,0.0079
RE1,DEMRESHEBIO,2029,0.0079
RE1,DEMRESHEBIO,2030,0.0667
RE1,DEMRESHEBIO,2032,0.1343
RE1,DEMRESHEBIO,2033,0.1497
RE1,DEMRESHEBIO,2034,0.1506
RE1,DEMRESHEBIO,2035,0.1846
RE1,DEMRESHEBIO,2036,0.0089
RE1,DEMRESHEBIO,2037,0.0087
RE1,DEMRESHEBIO,2038,0.0085
RE1,DEMRESHEBIO,2039,0.0039
RE1,DEMRESHEBIO,2045,0.0918
RE1,DEMRESHEOIL,2039,0.0044
RE1,DEMRESHEOIL,2040,0.4403
RE1,DEMRESHEOIL,2041,0.3117
RE1,DEMRESHEEL,2049,0.1091
RE1,DEMRESHEEL,2050,0.8784
RE1,DEMRESHEEL,2064,0.0359
RE1,DEMRESHEEL,2065,0.7727
RE1,DEMRESHEEL,2068,0.1252
RE1,DEMRESHEEL,2069,0.2368
RE1,DEMCOMHEOIL,2040,0.0068
RE1,DEMCOMHEOIL,2041,0.004
RE1,DEMCOMHEOIL,2042,0.0003
RE1,DEMCOMHEOIL,2043,0.0003
RE1,DEMCOMHEBIO,2015,0.0042
RE1,DEMCOMHEBIO,2016,0.0002
RE1,DEMCOMHEBIO,2017,0.0002
RE1,DEMCOMHEBIO,2018,0.0002
RE1,DEMCOMHEBIO,2019,0.0003
RE1,DEMCOMHEBIO,2020,0.0003
RE1,DEMCOMHEBIO,2021,0.0002
RE1,DEMCOMHEBIO,2022,0.0002
RE1,DEMCOMHEBIO,2023,0.0002
RE1,DEMCOMHEBIO,2024,0.0002
RE1,DEMCOMHEBIO,2025,0.0002
RE1,DEMCOMHEBIO,2026,0.0002
RE1,DEMCOMHEBIO,2027,0.0002
RE1,DEMCOMHEBIO,2028,0.0003
RE1,DEMCOMHEBIO,2029,0.0003
RE1,DEMCOMHEBIO,2030,0.0044
RE1,DEMCOMHEBIO,2031,0.0003
RE1,DEMCOMHEBIO,2032,0.0004
RE1,DEMCOMHEBIO,2033,0.0004
RE1,DEMCOMHEBIO,2034,0.0004
RE1,DEMCOMHEBIO,2035,0.0008
RE1,DEMCOMHEBIO,2036,0.0005
RE1,DEMCOMHEBIO,2037,0.0005
RE1,DEMCOMHEBIO,2038,0.0005
RE1,DEMCOMHEBIO,2039,0.0006
RE1,DEMCOMHEBIO,2045,0.0074
RE1,DEMCOMHEEL,2049,0.005
RE1,DEMCOMHEEL,2050,0.0161
RE1,DEMCOMHEEL,2064,0.0102
RE1,DEMCOMHEEL,2065,0.0168
RE1,DEMCOMHEEL,2067,0.0004
RE1,DEMCOMHEEL,2068,0.0004
RE1,DEMCOMHEEL,2069,0.0078
RE1,BSTOPMCY,2015,0.0
RE1,BSTOPMCY,2016,0.0
RE1,BSTOPMCY,2017,0.0
RE1,BSTOPMCY,2018,0.0
RE1,BSTOPMCY,2019,0.0
RE1,BSTOPMCY,2020,0.0
RE1,BSTOPMCY,2040,2.9361
RE1,BSTOPMCY,2041,6.3233
RE1,BSTOPMCY,2042,2.0128
RE1,BSTOPMCY,2043,5.4844
RE1,BSTOPMCY,2044,17.3995
RE1,BSTOPMCY,2045,20.1719
RE1,BSTOPMCY,2046,26.5878
RE1,BSTOPMCY,2047,37.0732
RE1,BSTOPMCY,2048,26.3738
RE1,BSTOPMCY,2049,42.5293
RE1,BSTOPMCY,2050,47.7811
RE1,BSTOPMCY,2051,43.3387
RE1,BSTOPMCY,2052,49.9107
RE1,BSTOPMCY,2053,39.8936
RE1,BSTOPMCY,2054,39.1365
RE1,BSTOPMCY,2055,42.9745
RE1,BSTOPMCY,2056,37.9904
RE1,BSTOPMCY,2057,49.7404
RE1,BSTOPMCY,2058,36.5498
RE1,BSTOPMCY,2059,28.7621
RE1,BSTOPMCY,2060,35.3263
RE1,BSTOPMCY,2061,26.6286
RE1,BSTOPMCY,2062,23.9
RE1,BSTOPMCY,2063,22.983
RE1,BSTOPMCY,2064,37.1321
RE1,BSTOPMCY,2065,37.5838
RE1,BSTOPMCY,2066,26.7798
RE1,BSTOPMCY,2067,26.656
RE1,BSTOPMCY,2068,42.4548
RE1,BSTOPMCY,2069,22.2888
RE1,BSTOPCAR,2039,2.1129
RE1,BSTOPCAR,2040,2.4423
RE1,BSTOPCAR,2041,9.1769
RE1,BSTOPCAR,2042,20.9272
RE1,BSTOPCAR,2043,25.4402
RE1,BSTOPCAR,2044,8.2313
RE1,BSTOPCAR,2045,25.5427
RE1,BSTOPCAR,2046,22.49
RE1,BSTOPCAR,2047,27.3867
RE1,BSTOPCAR,2048,40.2016
RE1,BSTOPCAR,2049,47.2877
RE1,BSTOPCAR,2050,31.4431
RE1,BSTOPCAR,2051,49.1026
RE1,BSTOPCAR,2052,30.8752
RE1,BSTOPCAR,2053,50.7318
RE1,BSTOPCAR,2054,50.5402
RE1,BSTOPCAR,2055,45.7244
RE1,BSTOPCAR,2056,49.3753
RE1,BSTOPCAR,2057,33.8716
RE1,BSTOPCAR,2058,34.7617
RE1,BSTOPCAR,2059,41.4702
RE1,BSTOPCAR,2060,33.803
RE1,BSTOPCAR,2061,41.5224
RE1,BSTOPCAR,2062,43.2631
RE1,BSTOPCAR,2063,43.1821
RE1,BSTOPCAR,2064,28.0245
RE1,BSTOPCAR,2065,26.553
RE1,BSTOPCAR,2066,36.3256
RE1,BSTOPCAR,2067,35.4056
RE1,BSTOPCAR,2068,18.55
RE1,BSTOPCAR,2069,37.6458
RE1,BSTOPBUS,2039,2.1765
RE1,BSTOPBUS,2040,6.7119
RE1,BSTOPBUS,2041,3.9991
RE1,BSTOPBUS,2042,4.8247
RE1,BSTOPBUS,2043,5.6675
RE1,BSTOPBUS,2044,20.6151
RE1,BSTOPBUS,2045,11.8885
RE1,BSTOPBUS,2046,22.2376
RE1,BSTOPBUS,2047,23.0033
RE1,BSTOPBUS,2048,37.8786
RE1,BSTOPBUS,2049,38.69
RE1,BSTOPBUS,2050,39.5244
RE1,BSTOPBUS,2051,26.0281
RE1,BSTOPBUS,2052,37.4002
RE1,BSTOPBUS,2053,27.2722
RE1,BSTOPBUS,2054,27.9264
RE1,BSTOPBUS,2055,28.6028
RE1,BSTOPBUS,2056,29.6266
RE1,BSTOPBUS,2057,33.062
RE1,BSTOPBUS,2058,45.0345
RE1,BSTOPBUS,2059,45.7747
RE1,BSTOPBUS,2060,46.5269
RE1,BSTOPBUS,2061,47.1342
RE1,BSTOPBUS,2062,47.7494
RE1,BSTOPBUS,2063,48.3726
RE1,BSTOPBUS,2064,49.004
RE1,BSTOPBUS,2065,49.6437
RE1,BSTOPBUS,2066,50.2919
RE1,BSTOPBUS,2067,50.9487
RE1,BSTOPBUS,2068,51.6143
RE1,BSTOPBUS,2069,52.2887
RE1,BSTOPBUS,2070,33.8888
RE1,TEC087,2015,0.1359
RE1,TEC087,2016,0.1189
RE1,TEC087,2017,0.173
RE1,TEC087,2018,0.1109
RE1,TEC087,2019,0.0955
RE1,TEC087,2020,0.0582
RE1,TEC087,2021,0.2536
RE1,TEC087,2022,0.3775
RE1,TEC087,2023,0.3867
RE1,TEC087,2024,0.494
RE1,TEC087,2025,1.1874
RE1,TEC087,2026,1.2658
RE1,TEC087,2027,1.4378
RE1,TEC087,2028,1.5419
RE1,TEC087,2029,2.0547
RE1,TEC087,2030,2.1288
RE1,TEC087,2031,2.1853
RE1,TEC087,2032,2.3301
RE1,TEC087,2033,2.5837
RE1,TEC087,2034,2.691
RE1,TEC087,2035,3.3246
RE1,TEC087,2036,3.5804
RE1,TEC087,2037,3.8211
RE1,TEC087,2038,3.6479
RE1,TEC087,2039,3.8775
RE1,TEC087,2040,4.2605
RE1,TEC087,2041,4.4567
RE1,TEC087,2042,4.5497
RE1,TEC087,2043,4.6997
RE1,TEC087,2044,4.5235
RE1,TEC087,2045,4.5808
RE1,TEC087,2046,4.6483
RE1,TEC087,2047,4.8527
RE1,TEC087,2048,4.9859
RE1,TEC087,2049,5.1918
RE1,TEC087,2050,6.7048
RE1,TEC087,2051,6.8748
RE1,TEC087,2052,7.0499
RE1,TEC087,2053,7.2564
RE1,TEC087,2054,7.4418
RE1,TEC087,2055,7.6327
RE1,TEC087,2056,7.8292
RE1,TEC087,2057,8.005
RE1,TEC087,2058,8.2397
RE1,TEC087,2059,8.4276
RE1,TEC087,2060,8.6748
RE1,TEC087,2061,8.8116
RE1,TEC087,2062,9.0046
RE1,TEC087,2063,9.1542
RE1,TEC087,2064,9.4359
RE1,TEC087,2065,9.6109
RE1,TEC087,2066,9.7895
RE1,TEC087,2067,9.9719
RE1,TEC087,2068,10.1582
RE1,TEC087,2069,10.3484
RE1,TEC087,2070,11.4204
