r,t,y,TotalTechnologyAnnualActivity
RE1,IMPOIL,2039,20.5793
RE1,IMPOIL,2040,67.4031
RE1,IMPOIL,2041,97.917
RE1,IMPOIL,2042,123.0221
RE1,IMPOIL,2043,142.3274
RE1,IMPOIL,2044,125.098
RE1,IMPOIL,2045,106.8903
RE1,IMPOIL,2046,87.2979
RE1,IMPOIL,2047,66.8537
RE1,IMPOIL,2048,45.5166
RE1,IMPOIL,2049,23.2458
RE1,MINBIO,2015,27.6641
RE1,MINBIO,2016,27.7044
RE1,MINBIO,2017,103.4348
RE1,MINBIO,2018,179.1675
RE1,MINBIO,2019,254.9026
RE1,MINBIO,2020,330.6402
RE1,MINBIO,2021,323.688
RE1,MINBIO,2022,316.4172
RE1,MINBIO,2023,308.8381
RE1,MINBIO,2024,300.9602
RE1,MINBIO,2025,292.7908
RE1,MINBIO,2026,284.0511
RE1,MINBIO,2027,275.0602
RE1,MINBIO,2028,265.8217
RE1,MINBIO,2029,256.3382
RE1,MINBIO,2030,246.6115
RE1,MINBIO,2031,230.0319
RE1,MINBIO,2032,214.2591
RE1,MINBIO,2033,199.1849
RE1,MINBIO,2034,184.7207
RE1,MINBIO,2035,178.5531
RE1,MINBIO,2036,166.6381
RE1,MINBIO,2037,154.6972
RE1,MINBIO,2038,142.7399
RE1,MINBIO,2039,130.7744
RE1,MINBIO,2040,118.8073
RE1,MINBIO,2041,106.4097
RE1,MINBIO,2042,94.1174
RE1,MINBIO,2043,81.9355
RE1,MINBIO,2044,69.8678
RE1,MINBIO,2045,57.9175
RE1,MINBIO,2046,45.8905
RE1,MINBIO,2047,34.0953
RE1,MINBIO,2048,22.5212
RE1,MINBIO,2049,11.1589
RE1,IMPCOA,2015,8.1033
RE1,IMPCOA,2016,8.5372
RE1,IMPCOA,2017,8.9943
RE1,IMPCOA,2018,9.4759
RE1,IMPCOA,2019,9.9832
RE1,IMPCOA,2020,10.5178
RE1,IMPCOA,2021,10.5572
RE1,IMPCOA,2022,10.5812
RE1,IMPCOA,2023,10.589
RE1,IMPCOA,2024,10.58
RE1,IMPCOA,2025,11.9801
RE1,IMPCOA,2026,15.5626
RE1,IMPCOA,2027,10.4221
RE1,IMPCOA,2028,10.3268
RE1,IMPCOA,2029,10.2102
RE1,IMPCOA,2030,10.0712
RE1,IMPCOA,2031,9.7147
RE1,IMPCOA,2032,9.3574
RE1,IMPCOA,2033,8.9958
RE1,IMPCOA,2034,12.5969
RE1,IMPCOA,2035,18.9514
RE1,IMPCOA,2036,22.7873
RE1,IMPCOA,2037,26.2356
RE1,IMPCOA,2038,29.2313
RE1,IMPCOA,2039,29.7832
RE1,IMPCOA,2040,27.2949
RE1,IMPCOA,2041,24.7229
RE1,IMPCOA,2042,22.1188
RE1,IMPCOA,2043,19.4816
RE1,IMPCOA,2044,19.4801
RE1,IMPCOA,2045,18.6959
RE1,IMPCOA,2046,16.9073
RE1,IMPCOA,2047,14.2344
RE1,IMPCOA,2048,10.5898
RE1,IMPCOA,2049,5.879
RE1,IMPLFO,2015,202.5455
RE1,IMPLFO,2016,213.3901
RE1,IMPLFO,2017,224.8153
RE1,IMPLFO,2018,236.8523
RE1,IMPLFO,2019,249.5338
RE1,IMPLFO,2020,262.8942
RE1,IMPLFO,2021,249.8237
RE1,IMPLFO,2022,239.4345
RE1,IMPLFO,2023,233.8688
RE1,IMPLFO,2024,230.0492
RE1,IMPLFO,2025,220.4302
RE1,IMPLFO,2026,228.8534
RE1,IMPLFO,2027,246.2921
RE1,IMPLFO,2028,258.1209
RE1,IMPLFO,2029,255.2071
RE1,IMPLFO,2030,251.7321
RE1,IMPLFO,2031,242.8217
RE1,IMPLFO,2032,233.8898
RE1,IMPLFO,2033,224.853
RE1,IMPLFO,2034,215.6385
RE1,IMPLFO,2035,215.5482
RE1,IMPLFO,2036,208.0249
RE1,IMPLFO,2037,199.7033
RE1,IMPLFO,2038,190.5494
RE1,IMPLFO,2039,162.0054
RE1,IMPLFO,2040,108.9336
RE1,IMPLFO,2041,68.4483
RE1,IMPLFO,2042,32.0278
RE1,UPSREF001,2039,20.5793
RE1,UPSREF001,2040,67.4031
RE1,UPSREF001,2041,97.917
RE1,UPSREF001,2042,123.0221
RE1,UPSREF001,2043,142.3274
RE1,UPSREF001,2044,125.098
RE1,UPSREF001,2045,106.8903
RE1,UPSREF001,2046,87.2979
RE1,UPSREF001,2047,66.8537
RE1,UPSREF001,2048,45.5166
RE1,UPSREF001,2049,23.2458
RE1,MINNGS,2022,15.9998
RE1,MINNGS,2023,28.3495
RE1,MINNGS,2024,28.3495
RE1,MINNGS,2025,27.912
RE1,MINNGS,2026,27.434
RE1,MINNGS,2027,25.9171
RE1,MINNGS,2028,26.0222
RE1,MINNGS,2029,24.8394
RE1,MINNGS,2030,23.5813
RE1,MINNGS,2031,21.9983
RE1,MINNGS,2032,20.44
RE1,MINNGS,2033,18.9035
RE1,MINNGS,2034,17.4212
RE1,MINNGS,2035,15.9642
RE1,MINNGS,2036,14.5354
RE1,MINNGS,2037,13.1383
RE1,MINNGS,2038,11.7765
RE1,MINNGS,2039,10.125
RE1,MINNGS,2040,9.896
RE1,MINNGS,2041,9.5493
RE1,MINNGS,2042,9.0788
RE1,MINNGS,2043,8.4778
RE1,MINNGS,2044,7.7395
RE1,MINNGS,2045,6.8567
RE1,MINNGS,2046,5.8218
RE1,MINNGS,2047,4.6271
RE1,MINNGS,2048,3.2644
RE1,MINNGS,2049,1.6955
RE1,MINSOL,2015,0.1719
RE1,MINSOL,2017,0.1736
RE1,MINSOL,2021,0.5019
RE1,MINSOL,2022,0.5019
RE1,MINSOL,2023,0.6485
RE1,MINSOL,2024,1.9903
RE1,MINSOL,2025,6.8632
RE1,MINSOL,2026,7.3974
RE1,MINSOL,2027,7.7826
RE1,MINSOL,2028,8.19
RE1,MINSOL,2029,8.6209
RE1,MINSOL,2030,20.5962
RE1,MINSOL,2031,27.0886
RE1,MINSOL,2032,31.3039
RE1,MINSOL,2033,32.6385
RE1,MINSOL,2034,34.0812
RE1,MINSOL,2035,37.2558
RE1,MINSOL,2036,39.5151
RE1,MINSOL,2037,41.9233
RE1,MINSOL,2038,44.4915
RE1,MINSOL,2039,47.232
RE1,MINSOL,2040,50.1576
RE1,MINSOL,2041,52.6225
RE1,MINSOL,2042,55.2177
RE1,MINSOL,2043,57.951
RE1,MINSOL,2044,60.8309
RE1,MINSOL,2045,63.8663
RE1,MINSOL,2046,66.7803
RE1,MINSOL,2047,69.8601
RE1,MINSOL,2048,73.1149
RE1,MINSOL,2049,76.5541
RE1,MINSOL,2050,103.7307
RE1,MINSOL,2051,106.4543
RE1,MINSOL,2052,109.2574
RE1,MINSOL,2053,112.1425
RE1,MINSOL,2054,115.112
RE1,MINSOL,2055,118.1687
RE1,MINSOL,2056,121.3154
RE1,MINSOL,2057,124.5547
RE1,MINSOL,2058,127.8898
RE1,MINSOL,2059,131.3237
RE1,MINSOL,2060,134.8597
RE1,MINSOL,2061,137.4736
RE1,MINSOL,2062,140.142
RE1,MINSOL,2063,142.866
RE1,MINSOL,2064,145.647
RE1,MINSOL,2065,148.4864
RE1,MINSOL,2066,151.3856
RE1,MINSOL,2067,154.3459
RE1,MINSOL,2068,157.3687
RE1,MINSOL,2069,160.4557
RE1,MINSOL,2070,210.2947
RE1,MINWND,2024,0.0241
RE1,MINWND,2025,0.0241
RE1,MINWND,2026,0.2413
RE1,MINWND,2027,0.2413
RE1,MINWND,2028,2.3767
RE1,MINWND,2029,16.7886
RE1,MINWND,2030,17.2445
RE1,MINWND,2031,17.5923
RE1,MINWND,2032,20.5805
RE1,MINWND,2033,23.1763
RE1,MINWND,2034,25.3483
RE1,MINWND,2035,30.5783
RE1,MINWND,2036,32.4327
RE1,MINWND,2037,34.4092
RE1,MINWND,2038,36.5172
RE1,MINWND,2039,38.7664
RE1,MINWND,2040,41.1677
RE1,MINWND,2041,43.1908
RE1,MINWND,2042,45.3208
RE1,MINWND,2043,47.5642
RE1,MINWND,2044,49.928
RE1,MINWND,2045,52.4193
RE1,MINWND,2046,54.811
RE1,MINWND,2047,57.3388
RE1,MINWND,2048,60.0102
RE1,MINWND,2049,62.8331
RE1,MINWND,2050,85.1387
RE1,MINWND,2051,87.3741
RE1,MINWND,2052,89.6748
RE1,MINWND,2053,92.0428
RE1,MINWND,2054,94.4801
RE1,MINWND,2055,96.9889
RE1,MINWND,2056,99.5716
RE1,MINWND,2057,102.2303
RE1,MINWND,2058,104.9676
RE1,MINWND,2059,107.7861
RE1,MINWND,2060,110.6883
RE1,MINWND,2061,112.8338
RE1,MINWND,2062,115.0238
RE1,MINWND,2063,117.2596
RE1,MINWND,2064,119.5421
RE1,MINWND,2065,121.8726
RE1,MINWND,2066,124.2522
RE1,MINWND,2067,126.6819
RE1,MINWND,2068,129.163
RE1,MINWND,2069,131.6966
RE1,MINWND,2070,172.6028
RE1,MINHYD,2015,5.2871
RE1,MINHYD,2016,5.0434
RE1,MINHYD,2017,5.9525
RE1,MINHYD,2018,4.75
RE1,MINHYD,2019,4.1785
RE1,MINHYD,2020,3.0091
RE1,MINHYD,2021,10.5186
RE1,MINHYD,2022,13.4122
RE1,MINHYD,2023,13.4122
RE1,MINHYD,2024,13.4122
RE1,MINHYD,2025,13.4122
RE1,MINHYD,2026,13.4122
RE1,MINHYD,2027,13.4122
RE1,MINHYD,2028,13.4122
RE1,MINHYD,2029,13.4122
RE1,MINHYD,2030,13.4122
RE1,MINHYD,2031,13.4122
RE1,MINHYD,2032,13.4122
RE1,MINHYD,2033,13.4122
RE1,MINHYD,2034,13.4122
RE1,MINHYD,2035,13.4122
RE1,MINHYD,2036,13.4122
RE1,MINHYD,2037,13.4122
RE1,MINHYD,2038,13.4122
RE1,MINHYD,2039,13.4122
RE1,MINHYD,2040,13.4122
RE1,MINHYD,2041,13.4122
RE1,MINHYD,2042,13.4122
RE1,MINHYD,2043,13.4122
RE1,MINHYD,2044,13.4122
RE1,MINHYD,2045,13.4122
RE1,MINHYD,2046,13.4122
RE1,MINHYD,2047,13.4122
RE1,MINHYD,2048,13.4122
RE1,MINHYD,2049,13.4122
RE1,MINHYD,2050,13.4122
RE1,MINHYD,2051,13.4122
RE1,MINHYD,2052,13.4122
RE1,MINHYD,2053,13.4122
RE1,MINHYD,2054,13.4122
RE1,MINHYD,2055,13.4122
RE1,MINHYD,2056,13.4122
RE1,MINHYD,2057,13.4122
RE1,MINHYD,2058,13.4122
RE1,MINHYD,2059,13.4122
RE1,MINHYD,2060,13.4122
RE1,MINHYD,2061,13.4122
RE1,MINHYD,2062,13.4122
RE1,MINHYD,2063,13.4122
RE1,MINHYD,2064,13.4122
RE1,MINHYD,2065,13.4122
RE1,MINHYD,2066,13.4122
RE1,MINHYD,2067,13.4122
RE1,MINHYD,2068,13.4122
RE1,MINHYD,2069,13.4122
RE1,MINHYD,2070,13.4122
RE1,PWRBIO001,2024,0.711
RE1,PWRBIO001,2025,1.3381
RE1,PWRBIO001,2026,2.286
RE1,PWRBIO001,2027,6.2724
RE1,PWRBIO001,2028,6.2724
RE1,PWRBIO001,2029,6.2724
RE1,PWRBIO001,2030,6.2724
RE1,PWRBIO001,2031,6.2724
RE1,PWRBIO001,2032,6.2724
RE1,PWRBIO001,2033,9.9466
RE1,PWRBIO001,2034,9.3195
RE1,PWRBIO001,2035,19.9526
RE1,PWRBIO001,2036,24.3245
RE1,PWRBIO001,2037,25.8069
RE1,PWRBIO001,2038,27.3879
RE1,PWRBIO001,2039,29.0748
RE1,PWRBIO001,2040,30.8758
RE1,PWRBIO001,2041,30.8397
RE1,PWRBIO001,2042,26.5743
RE1,PWRBIO001,2043,22.3481
RE1,PWRBIO001,2044,12.2404
RE1,PWRBIO001,2045,3.9514
RE1,PWRCOA001,2026,0.9041
RE1,PWRCOA001,2035,0.6312
RE1,PWRCOA001,2036,1.8345
RE1,PWRCOA001,2037,2.8882
RE1,PWRCOA001,2038,10.8264
RE1,PWRCOA001,2039,11.0308
RE1,PWRCOA001,2040,10.1092
RE1,PWRCOA001,2041,9.1566
RE1,PWRCOA001,2042,6.6161
RE1,PWRCOA001,2043,0.2425
RE1,PWROHC001,2038,24.8005
RE1,PWROHC001,2039,20.8065
RE1,PWROHC001,2040,11.5647
RE1,PWROHC001,2041,3.3175
RE1,PWROHC002,2039,0.7196
RE1,PWROHC002,2040,2.3568
RE1,PWROHC002,2041,3.4237
RE1,PWROHC002,2042,4.3015
RE1,PWROHC002,2043,4.9765
RE1,PWROHC002,2044,4.3741
RE1,PWROHC002,2045,3.7374
RE1,PWROHC002,2046,3.0524
RE1,PWROHC002,2047,2.3375
RE1,PWROHC002,2048,1.5915
RE1,PWROHC002,2049,0.8128
RE1,PWRNGS001,2022,7.6922
RE1,PWRNGS001,2023,13.6295
RE1,PWRNGS001,2024,13.6295
RE1,PWRNGS001,2025,13.4192
RE1,PWRNGS001,2026,13.1894
RE1,PWRNGS001,2027,12.4602
RE1,PWRNGS001,2028,12.5107
RE1,PWRNGS001,2029,11.942
RE1,PWRNGS001,2030,11.3371
RE1,PWRNGS001,2031,10.5761
RE1,PWRNGS001,2032,9.8269
RE1,PWRNGS001,2033,9.0882
RE1,PWRNGS001,2034,8.3756
RE1,PWRNGS001,2035,7.6751
RE1,PWRNGS001,2036,6.9882
RE1,PWRNGS001,2037,6.3165
RE1,PWRNGS001,2038,5.6618
RE1,PWRNGS001,2039,4.8678
RE1,PWRNGS001,2040,4.7577
RE1,PWRNGS001,2041,4.591
RE1,PWRNGS001,2042,4.3648
RE1,PWRNGS001,2043,4.0759
RE1,PWRNGS001,2044,3.7209
RE1,PWRNGS001,2045,3.2965
RE1,PWRNGS001,2046,2.799
RE1,PWRNGS001,2047,2.2246
RE1,PWRNGS001,2048,1.5694
RE1,PWRNGS001,2049,0.8152
RE1,PWRSOL001,2015,0.1719
RE1,PWRSOL001,2017,0.1736
RE1,PWRSOL001,2021,0.5019
RE1,PWRSOL001,2022,0.5019
RE1,PWRSOL001,2023,0.6485
RE1,PWRSOL001,2024,1.9903
RE1,PWRSOL001,2025,6.8632
RE1,PWRSOL001,2026,7.2281
RE1,PWRSOL001,2027,7.6138
RE1,PWRSOL001,2028,8.0214
RE1,PWRSOL001,2029,8.4524
RE1,PWRSOL001,2030,8.9083
RE1,PWRSOL001,2031,9.2561
RE1,PWRSOL001,2032,9.6349
RE1,PWRSOL001,2033,10.0457
RE1,PWRSOL001,2034,10.4898
RE1,PWRSOL001,2035,11.4669
RE1,PWRSOL001,2036,12.1623
RE1,PWRSOL001,2037,12.9035
RE1,PWRSOL001,2038,13.6939
RE1,PWRSOL001,2039,14.5374
RE1,PWRSOL001,2040,15.4379
RE1,PWRSOL001,2041,16.1966
RE1,PWRSOL001,2042,16.9953
RE1,PWRSOL001,2043,17.8366
RE1,PWRSOL001,2044,18.723
RE1,PWRSOL001,2045,19.6572
RE1,PWRSOL001,2046,20.5541
RE1,PWRSOL001,2047,21.5021
RE1,PWRSOL001,2048,22.5038
RE1,PWRSOL001,2049,23.5624
RE1,PWRSOL001,2050,31.927
RE1,PWRSOL001,2051,32.7653
RE1,PWRSOL001,2052,33.6281
RE1,PWRSOL001,2053,34.516
RE1,PWRSOL001,2054,35.43
RE1,PWRSOL001,2055,36.3708
RE1,PWRSOL001,2056,37.3393
RE1,PWRSOL001,2057,38.3364
RE1,PWRSOL001,2058,39.3629
RE1,PWRSOL001,2059,40.4198
RE1,PWRSOL001,2060,41.5081
RE1,PWRSOL001,2061,42.3127
RE1,PWRSOL001,2062,43.1339
RE1,PWRSOL001,2063,43.9723
RE1,PWRSOL001,2064,44.8283
RE1,PWRSOL001,2065,45.7022
RE1,PWRSOL001,2066,46.5946
RE1,PWRSOL001,2067,47.5057
RE1,PWRSOL001,2068,48.4361
RE1,PWRSOL001,2069,49.3862
RE1,PWRSOL001,2070,64.7261
RE1,PWRHYD001,2015,3.5734
RE1,PWRHYD001,2016,3.3297
RE1,PWRHYD001,2017,4.2387
RE1,PWRHYD001,2018,3.0363
RE1,PWRHYD001,2019,2.4647
RE1,PWRHYD001,2020,1.2953
RE1,PWRHYD001,2021,5.186
RE1,PWRHYD001,2022,8.0796
RE1,PWRHYD001,2023,8.0796
RE1,PWRHYD001,2024,8.0796
RE1,PWRHYD001,2025,8.0796
RE1,PWRHYD001,2026,8.0796
RE1,PWRHYD001,2027,8.0796
RE1,PWRHYD001,2028,8.0796
RE1,PWRHYD001,2029,8.0796
RE1,PWRHYD001,2030,8.0796
RE1,PWRHYD001,2031,8.0796
RE1,PWRHYD001,2032,8.0796
RE1,PWRHYD001,2033,8.0796
RE1,PWRHYD001,2034,8.0796
RE1,PWRHYD001,2035,8.0796
RE1,PWRHYD001,2036,8.0796
RE1,PWRHYD001,2037,8.0796
RE1,PWRHYD001,2038,8.0796
RE1,PWRHYD001,2039,8.0796
RE1,PWRHYD001,2040,8.0796
RE1,PWRHYD001,2041,8.0796
RE1,PWRHYD001,2042,8.0796
RE1,PWRHYD001,2043,8.0796
RE1,PWRHYD001,2044,8.0796
RE1,PWRHYD001,2045,8.0796
RE1,PWRHYD001,2046,8.0796
RE1,PWRHYD001,2047,8.0796
RE1,PWRHYD001,2048,8.0796
RE1,PWRHYD001,2049,8.0796
RE1,PWRHYD001,2050,8.0796
RE1,PWRHYD001,2051,8.0796
RE1,PWRHYD001,2052,8.0796
RE1,PWRHYD001,2053,8.0796
RE1,PWRHYD001,2054,8.0796
RE1,PWRHYD001,2055,8.0796
RE1,PWRHYD001,2056,8.0796
RE1,PWRHYD001,2057,8.0796
RE1,PWRHYD001,2058,8.0796
RE1,PWRHYD001,2059,8.0796
RE1,PWRHYD001,2060,8.0796
RE1,PWRHYD001,2061,8.0796
RE1,PWRHYD001,2062,8.0796
RE1,PWRHYD001,2063,8.0796
RE1,PWRHYD001,2064,8.0796
RE1,PWRHYD001,2065,8.0796
RE1,PWRHYD001,2066,8.0796
RE1,PWRHYD001,2067,8.0796
RE1,PWRHYD001,2068,8.0796
RE1,PWRHYD001,2069,8.0796
RE1,PWRHYD001,2070,8.0796
RE1,PWRHYD002,2015,1.7138
RE1,PWRHYD002,2016,1.7138
RE1,PWRHYD002,2017,1.7138
RE1,PWRHYD002,2018,1.7138
RE1,PWRHYD002,2019,1.7138
RE1,PWRHYD002,2020,1.7138
RE1,PWRHYD002,2021,3.0972
RE1,PWRHYD002,2022,3.0972
RE1,PWRHYD002,2023,3.0972
RE1,PWRHYD002,2024,3.0972
RE1,PWRHYD002,2025,3.0972
RE1,PWRHYD002,2026,3.0972
RE1,PWRHYD002,2027,3.0972
RE1,PWRHYD002,2028,3.0972
RE1,PWRHYD002,2029,3.0972
RE1,PWRHYD002,2030,3.0972
RE1,PWRHYD002,2031,3.0972
RE1,PWRHYD002,2032,3.0972
RE1,PWRHYD002,2033,3.0972
RE1,PWRHYD002,2034,3.0972
RE1,PWRHYD002,2035,3.0972
RE1,PWRHYD002,2036,3.0972
RE1,PWRHYD002,2037,3.0972
RE1,PWRHYD002,2038,3.0972
RE1,PWRHYD002,2039,3.0972
RE1,PWRHYD002,2040,3.0972
RE1,PWRHYD002,2041,3.0972
RE1,PWRHYD002,2042,3.0972
RE1,PWRHYD002,2043,3.0972
RE1,PWRHYD002,2044,3.0972
RE1,PWRHYD002,2045,3.0972
RE1,PWRHYD002,2046,3.0972
RE1,PWRHYD002,2047,3.0972
RE1,PWRHYD002,2048,3.0972
RE1,PWRHYD002,2049,3.0972
RE1,PWRHYD002,2050,3.0972
RE1,PWRHYD002,2051,3.0972
RE1,PWRHYD002,2052,3.0972
RE1,PWRHYD002,2053,3.0972
RE1,PWRHYD002,2054,3.0972
RE1,PWRHYD002,2055,3.0972
RE1,PWRHYD002,2056,3.0972
RE1,PWRHYD002,2057,3.0972
RE1,PWRHYD002,2058,3.0972
RE1,PWRHYD002,2059,3.0972
RE1,PWRHYD002,2060,3.0972
RE1,PWRHYD002,2061,3.0972
RE1,PWRHYD002,2062,3.0972
RE1,PWRHYD002,2063,3.0972
RE1,PWRHYD002,2064,3.0972
RE1,PWRHYD002,2065,3.0972
RE1,PWRHYD002,2066,3.0972
RE1,PWRHYD002,2067,3.0972
RE1,PWRHYD002,2068,3.0972
RE1,PWRHYD002,2069,3.0972
RE1,PWRHYD002,2070,3.0972
RE1,PWRHYD003,2021,2.0118
RE1,PWRHYD003,2022,2.0118
RE1,PWRHYD003,2023,2.0118
RE1,PWRHYD003,2024,2.0118
RE1,PWRHYD003,2025,2.0118
RE1,PWRHYD003,2026,2.0118
RE1,PWRHYD003,2027,2.0118
RE1,PWRHYD003,2028,2.0118
RE1,PWRHYD003,2029,2.0118
RE1,PWRHYD003,2030,2.0118
RE1,PWRHYD003,2031,2.0118
RE1,PWRHYD003,2032,2.0118
RE1,PWRHYD003,2033,2.0118
RE1,PWRHYD003,2034,2.0118
RE1,PWRHYD003,2035,2.0118
RE1,PWRHYD003,2036,2.0118
RE1,PWRHYD003,2037,2.0118
RE1,PWRHYD003,2038,2.0118
RE1,PWRHYD003,2039,2.0118
RE1,PWRHYD003,2040,2.0118
RE1,PWRHYD003,2041,2.0118
RE1,PWRHYD003,2042,2.0118
RE1,PWRHYD003,2043,2.0118
RE1,PWRHYD003,2044,2.0118
RE1,PWRHYD003,2045,2.0118
RE1,PWRHYD003,2046,2.0118
RE1,PWRHYD003,2047,2.0118
RE1,PWRHYD003,2048,2.0118
RE1,PWRHYD003,2049,2.0118
RE1,PWRHYD003,2050,2.0118
RE1,PWRHYD003,2051,2.0118
RE1,PWRHYD003,2052,2.0118
RE1,PWRHYD003,2053,2.0118
RE1,PWRHYD003,2054,2.0118
RE1,PWRHYD003,2055,2.0118
RE1,PWRHYD003,2056,2.0118
RE1,PWRHYD003,2057,2.0118
RE1,PWRHYD003,2058,2.0118
RE1,PWRHYD003,2059,2.0118
RE1,PWRHYD003,2060,2.0118
RE1,PWRHYD003,2061,2.0118
RE1,PWRHYD003,2062,2.0118
RE1,PWRHYD003,2063,2.0118
RE1,PWRHYD003,2064,2.0118
RE1,PWRHYD003,2065,2.0118
RE1,PWRHYD003,2066,2.0118
RE1,PWRHYD003,2067,2.0118
RE1,PWRHYD003,2068,2.0118
RE1,PWRHYD003,2069,2.0118
RE1,PWRHYD003,2070,2.0118
RE1,PWRWND001,2024,0.0241
RE1,PWRWND001,2025,0.0241
RE1,PWRWND001,2026,0.2413
RE1,PWRWND001,2027,0.2413
RE1,PWRWND001,2028,2.3767
RE1,PWRWND001,2029,8.4524
RE1,PWRWND001,2030,8.9083
RE1,PWRWND001,2031,9.2561
RE1,PWRWND001,2032,9.6349
RE1,PWRWND001,2033,10.0457
RE1,PWRWND001,2034,10.4898
RE1,PWRWND001,2035,11.4669
RE1,PWRWND001,2036,12.1623
RE1,PWRWND001,2037,12.9035
RE1,PWRWND001,2038,13.6939
RE1,PWRWND001,2039,14.5374
RE1,PWRWND001,2040,15.4379
RE1,PWRWND001,2041,16.1966
RE1,PWRWND001,2042,16.9953
RE1,PWRWND001,2043,17.8366
RE1,PWRWND001,2044,18.723
RE1,PWRWND001,2045,19.6572
RE1,PWRWND001,2046,20.5541
RE1,PWRWND001,2047,21.5021
RE1,PWRWND001,2048,22.5038
RE1,PWRWND001,2049,23.5624
RE1,PWRWND001,2050,31.927
RE1,PWRWND001,2051,32.7653
RE1,PWRWND001,2052,33.6281
RE1,PWRWND001,2053,34.516
RE1,PWRWND001,2054,35.43
RE1,PWRWND001,2055,36.3708
RE1,PWRWND001,2056,37.3393
RE1,PWRWND001,2057,38.3364
RE1,PWRWND001,2058,39.3629
RE1,PWRWND001,2059,40.4198
RE1,PWRWND001,2060,41.5081
RE1,PWRWND001,2061,42.3127
RE1,PWRWND001,2062,43.1339
RE1,PWRWND001,2063,43.9723
RE1,PWRWND001,2064,44.8283
RE1,PWRWND001,2065,45.7022
RE1,PWRWND001,2066,46.5946
RE1,PWRWND001,2067,47.5057
RE1,PWRWND001,2068,48.4361
RE1,PWRWND001,2069,49.3862
RE1,PWRWND001,2070,64.7261
RE1,PWRSOL001S,2025,6.8632
RE1,PWRSOL001S,2026,7.2281
RE1,PWRSOL001S,2027,7.6138
RE1,PWRSOL001S,2028,8.0214
RE1,PWRSOL001S,2029,8.4524
RE1,PWRSOL001S,2030,8.9083
RE1,PWRSOL001S,2031,9.2561
RE1,PWRSOL001S,2032,9.6349
RE1,PWRSOL001S,2033,10.0457
RE1,PWRSOL001S,2034,10.4898
RE1,PWRSOL001S,2035,11.4669
RE1,PWRSOL001S,2036,12.1623
RE1,PWRSOL001S,2037,12.9035
RE1,PWRSOL001S,2038,13.6939
RE1,PWRSOL001S,2039,14.5374
RE1,PWRSOL001S,2040,15.4379
RE1,PWRSOL001S,2041,16.1966
RE1,PWRSOL001S,2042,16.9953
RE1,PWRSOL001S,2043,17.8366
RE1,PWRSOL001S,2044,18.723
RE1,PWRSOL001S,2045,19.6572
RE1,PWRSOL001S,2046,20.5541
RE1,PWRSOL001S,2047,21.5021
RE1,PWRSOL001S,2048,22.5038
RE1,PWRSOL001S,2049,23.5624
RE1,PWRSOL001S,2050,31.927
RE1,PWRSOL001S,2051,32.7653
RE1,PWRSOL001S,2052,33.6281
RE1,PWRSOL001S,2053,34.516
RE1,PWRSOL001S,2054,35.43
RE1,PWRSOL001S,2055,36.3708
RE1,PWRSOL001S,2056,37.3393
RE1,PWRSOL001S,2057,38.3364
RE1,PWRSOL001S,2058,39.3629
RE1,PWRSOL001S,2059,40.4198
RE1,PWRSOL001S,2060,41.5081
RE1,PWRSOL001S,2061,42.3127
RE1,PWRSOL001S,2062,43.1339
RE1,PWRSOL001S,2063,43.9723
RE1,PWRSOL001S,2064,44.8283
RE1,PWRSOL001S,2065,45.7022
RE1,PWRSOL001S,2066,46.5946
RE1,PWRSOL001S,2067,47.5057
RE1,PWRSOL001S,2068,48.4361
RE1,PWRSOL001S,2069,49.3862
RE1,PWRSOL001S,2070,64.7261
RE1,PWRWND001S,2029,8.3362
RE1,PWRWND001S,2030,8.3362
RE1,PWRWND001S,2031,8.3362
RE1,PWRWND001S,2032,10.9456
RE1,PWRWND001S,2033,13.1306
RE1,PWRWND001S,2034,14.8586
RE1,PWRWND001S,2035,19.1114
RE1,PWRWND001S,2036,20.2704
RE1,PWRWND001S,2037,21.5058
RE1,PWRWND001S,2038,22.8232
RE1,PWRWND001S,2039,24.229
RE1,PWRWND001S,2040,25.7298
RE1,PWRWND001S,2041,26.9943
RE1,PWRWND001S,2042,28.3255
RE1,PWRWND001S,2043,29.7277
RE1,PWRWND001S,2044,31.205
RE1,PWRWND001S,2045,32.7621
RE1,PWRWND001S,2046,34.2569
RE1,PWRWND001S,2047,35.8368
RE1,PWRWND001S,2048,37.5064
RE1,PWRWND001S,2049,39.2707
RE1,PWRWND001S,2050,53.2117
RE1,PWRWND001S,2051,54.6088
RE1,PWRWND001S,2052,56.0468
RE1,PWRWND001S,2053,57.5267
RE1,PWRWND001S,2054,59.0501
RE1,PWRWND001S,2055,60.6181
RE1,PWRWND001S,2056,62.2322
RE1,PWRWND001S,2057,63.8939
RE1,PWRWND001S,2058,65.6048
RE1,PWRWND001S,2059,67.3663
RE1,PWRWND001S,2060,69.1802
RE1,PWRWND001S,2061,70.5211
RE1,PWRWND001S,2062,71.8899
RE1,PWRWND001S,2063,73.2872
RE1,PWRWND001S,2064,74.7138
RE1,PWRWND001S,2065,76.1704
RE1,PWRWND001S,2066,77.6576
RE1,PWRWND001S,2067,79.1762
RE1,PWRWND001S,2068,80.7268
RE1,PWRWND001S,2069,82.3104
RE1,PWRWND001S,2070,107.8768
RE1,PWRTRNIMP,2015,9.641
RE1,PWRTRNIMP,2016,11.106
RE1,PWRTRNIMP,2017,10.58
RE1,PWRTRNIMP,2018,12.416
RE1,PWRTRNIMP,2019,12.416
RE1,PWRTRNIMP,2020,12.416
RE1,PWRTRNIMP,2021,12.416
RE1,PWRTRNIMP,2022,12.416
RE1,PWRTRNIMP,2023,12.416
RE1,PWRTRNIMP,2024,12.416
RE1,PWRTRNIMP,2025,8.6912
RE1,PWRTRNIMP,2026,8.6912
RE1,PWRTRNIMP,2027,8.6912
RE1,PWRTRNIMP,2028,8.6912
RE1,PWRTRNIMP,2029,6.208
RE1,PWRTRNIMP,2030,6.208
RE1,PWRTRNIMP,2031,6.208
RE1,PWRTRNIMP,2032,3.7248
RE1,PWRTRNIMP,2033,3.7248
RE1,PWRTRNIMP,2034,3.7248
RE1,PWRTRN,2015,14.7989
RE1,PWRTRN,2016,15.8112
RE1,PWRTRN,2017,16.3641
RE1,PWRTRN,2018,16.7765
RE1,PWRTRN,2019,16.205
RE1,PWRTRN,2020,15.0356
RE1,PWRTRN,2021,22.8235
RE1,PWRTRN,2022,33.4093
RE1,PWRTRN,2023,39.4932
RE1,PWRTRN,2024,41.5701
RE1,PWRTRN,2025,49.9981
RE1,PWRTRN,2026,52.5675
RE1,PWRTRN,2027,55.6918
RE1,PWRTRN,2028,58.6929
RE1,PWRTRN,2029,70.9149
RE1,PWRTRN,2030,71.6778
RE1,PWRTRN,2031,71.9602
RE1,PWRTRN,2032,72.4736
RE1,PWRTRN,2033,78.8266
RE1,PWRTRN,2034,80.5469
RE1,PWRTRN,2035,94.57
RE1,PWRTRN,2036,102.7035
RE1,PWRTRN,2037,108.0268
RE1,PWRTRN,2038,145.3808
RE1,PWRTRN,2039,147.1398
RE1,PWRTRN,2040,144.5067
RE1,PWRTRN,2041,139.7115
RE1,PWRTRN,2042,133.9672
RE1,PWRTRN,2043,127.6795
RE1,PWRTRN,2044,120.5086
RE1,PWRTRN,2045,115.5182
RE1,PWRTRN,2046,114.5697
RE1,PWRTRN,2047,117.7043
RE1,PWRTRN,2048,120.978
RE1,PWRTRN,2049,124.385
RE1,PWRTRN,2050,161.7918
RE1,PWRTRN,2051,165.7038
RE1,PWRTRN,2052,169.7301
RE1,PWRTRN,2053,173.874
RE1,PWRTRN,2054,178.1393
RE1,PWRTRN,2055,182.5298
RE1,PWRTRN,2056,187.0494
RE1,PWRTRN,2057,191.7021
RE1,PWRTRN,2058,196.4925
RE1,PWRTRN,2059,201.4248
RE1,PWRTRN,2060,206.5037
RE1,PWRTRN,2061,210.2582
RE1,PWRTRN,2062,214.0908
RE1,PWRTRN,2063,218.0034
RE1,PWRTRN,2064,221.9979
RE1,PWRTRN,2065,226.0763
RE1,PWRTRN,2066,230.2405
RE1,PWRTRN,2067,234.4925
RE1,PWRTRN,2068,238.8343
RE1,PWRTRN,2069,243.2682
RE1,PWRTRN,2070,314.8541
RE1,PWRDIST,2015,14.3549
RE1,PWRDIST,2016,15.3369
RE1,PWRDIST,2017,15.8732
RE1,PWRDIST,2018,16.2732
RE1,PWRDIST,2019,15.7189
RE1,PWRDIST,2020,14.5845
RE1,PWRDIST,2021,22.1388
RE1,PWRDIST,2022,32.407
RE1,PWRDIST,2023,38.3084
RE1,PWRDIST,2024,40.323
RE1,PWRDIST,2025,48.4981
RE1,PWRDIST,2026,50.9905
RE1,PWRDIST,2027,54.021
RE1,PWRDIST,2028,56.9321
RE1,PWRDIST,2029,68.7875
RE1,PWRDIST,2030,69.5275
RE1,PWRDIST,2031,69.8014
RE1,PWRDIST,2032,70.2994
RE1,PWRDIST,2033,76.4618
RE1,PWRDIST,2034,78.1305
RE1,PWRDIST,2035,91.7329
RE1,PWRDIST,2036,99.6224
RE1,PWRDIST,2037,104.786
RE1,PWRDIST,2038,141.0193
RE1,PWRDIST,2039,142.7256
RE1,PWRDIST,2040,140.1715
RE1,PWRDIST,2041,135.5202
RE1,PWRDIST,2042,129.9482
RE1,PWRDIST,2043,123.8492
RE1,PWRDIST,2044,116.8933
RE1,PWRDIST,2045,112.0527
RE1,PWRDIST,2046,111.1326
RE1,PWRDIST,2047,114.1731
RE1,PWRDIST,2048,117.3486
RE1,PWRDIST,2049,120.6534
RE1,PWRDIST,2050,156.938
RE1,PWRDIST,2051,160.7327
RE1,PWRDIST,2052,164.6382
RE1,PWRDIST,2053,168.6578
RE1,PWRDIST,2054,172.7952
RE1,PWRDIST,2055,177.0539
RE1,PWRDIST,2056,181.4379
RE1,PWRDIST,2057,185.9511
RE1,PWRDIST,2058,190.5977
RE1,PWRDIST,2059,195.382
RE1,PWRDIST,2060,200.3086
RE1,PWRDIST,2061,203.9505
RE1,PWRDIST,2062,207.6681
RE1,PWRDIST,2063,211.4633
RE1,PWRDIST,2064,215.338
RE1,PWRDIST,2065,219.294
RE1,PWRDIST,2066,223.3332
RE1,PWRDIST,2067,227.4577
RE1,PWRDIST,2068,231.6693
RE1,PWRDIST,2069,235.9702
RE1,PWRDIST,2070,305.4085
RE1,PWRSOL002,2026,0.1692
RE1,PWRSOL002,2027,0.1688
RE1,PWRSOL002,2028,0.1686
RE1,PWRSOL002,2029,0.1686
RE1,PWRSOL002,2030,11.6879
RE1,PWRSOL002,2031,17.8325
RE1,PWRSOL002,2032,21.6689
RE1,PWRSOL002,2033,22.5928
RE1,PWRSOL002,2034,23.5914
RE1,PWRSOL002,2035,25.7889
RE1,PWRSOL002,2036,27.3529
RE1,PWRSOL002,2037,29.0198
RE1,PWRSOL002,2038,30.7976
RE1,PWRSOL002,2039,32.6946
RE1,PWRSOL002,2040,34.7197
RE1,PWRSOL002,2041,36.426
RE1,PWRSOL002,2042,38.2224
RE1,PWRSOL002,2043,40.1144
RE1,PWRSOL002,2044,42.1079
RE1,PWRSOL002,2045,44.2091
RE1,PWRSOL002,2046,46.2261
RE1,PWRSOL002,2047,48.3581
RE1,PWRSOL002,2048,50.6111
RE1,PWRSOL002,2049,52.9917
RE1,PWRSOL002,2050,71.8037
RE1,PWRSOL002,2051,73.689
RE1,PWRSOL002,2052,75.6294
RE1,PWRSOL002,2053,77.6265
RE1,PWRSOL002,2054,79.682
RE1,PWRSOL002,2055,81.7979
RE1,PWRSOL002,2056,83.976
RE1,PWRSOL002,2057,86.2183
RE1,PWRSOL002,2058,88.5269
RE1,PWRSOL002,2059,90.9039
RE1,PWRSOL002,2060,93.3516
RE1,PWRSOL002,2061,95.161
RE1,PWRSOL002,2062,97.008
RE1,PWRSOL002,2063,98.8936
RE1,PWRSOL002,2064,100.8187
RE1,PWRSOL002,2065,102.7842
RE1,PWRSOL002,2066,104.791
RE1,PWRSOL002,2067,106.8402
RE1,PWRSOL002,2068,108.9326
RE1,PWRSOL002,2069,111.0694
RE1,PWRSOL002,2070,145.5687
RE1,PWRHYD004,2021,0.2235
RE1,PWRHYD004,2022,0.2235
RE1,PWRHYD004,2023,0.2235
RE1,PWRHYD004,2024,0.2235
RE1,PWRHYD004,2025,0.2235
RE1,PWRHYD004,2026,0.2235
RE1,PWRHYD004,2027,0.2235
RE1,PWRHYD004,2028,0.2235
RE1,PWRHYD004,2029,0.2235
RE1,PWRHYD004,2030,0.2235
RE1,PWRHYD004,2031,0.2235
RE1,PWRHYD004,2032,0.2235
RE1,PWRHYD004,2033,0.2235
RE1,PWRHYD004,2034,0.2235
RE1,PWRHYD004,2035,0.2235
RE1,PWRHYD004,2036,0.2235
RE1,PWRHYD004,2037,0.2235
RE1,PWRHYD004,2038,0.2235
RE1,PWRHYD004,2039,0.2235
RE1,PWRHYD004,2040,0.2235
RE1,PWRHYD004,2041,0.2235
RE1,PWRHYD004,2042,0.2235
RE1,PWRHYD004,2043,0.2235
RE1,PWRHYD004,2044,0.2235
RE1,PWRHYD004,2045,0.2235
RE1,PWRHYD004,2046,0.2235
RE1,PWRHYD004,2047,0.2235
RE1,PWRHYD004,2048,0.2235
RE1,PWRHYD004,2049,0.2235
RE1,PWRHYD004,2050,0.2235
RE1,PWRHYD004,2051,0.2235
RE1,PWRHYD004,2052,0.2235
RE1,PWRHYD004,2053,0.2235
RE1,PWRHYD004,2054,0.2235
RE1,PWRHYD004,2055,0.2235
RE1,PWRHYD004,2056,0.2235
RE1,PWRHYD004,2057,0.2235
RE1,PWRHYD004,2058,0.2235
RE1,PWRHYD004,2059,0.2235
RE1,PWRHYD004,2060,0.2235
RE1,PWRHYD004,2061,0.2235
RE1,PWRHYD004,2062,0.2235
RE1,PWRHYD004,2063,0.2235
RE1,PWRHYD004,2064,0.2235
RE1,PWRHYD004,2065,0.2235
RE1,PWRHYD004,2066,0.2235
RE1,PWRHYD004,2067,0.2235
RE1,PWRHYD004,2068,0.2235
RE1,PWRHYD004,2069,0.2235
RE1,PWRHYD004,2070,0.2235
RE1,PWRTRNEXP,2015,0.3011
RE1,PWRTRNEXP,2016,0.3382
RE1,PWRTRNEXP,2017,0.342
RE1,PWRTRNEXP,2018,0.3895
RE1,PWRTRNEXP,2019,0.3895
RE1,PWRTRNEXP,2020,0.3895
RE1,PWRTRNEXP,2021,0.3895
RE1,PWRTRNEXP,2022,0.3895
RE1,PWRTRNEXP,2023,0.3895
RE1,PWRTRNEXP,2024,0.3895
RE1,PWRTRNEXP,2025,0.3895
RE1,PWRTRNEXP,2026,0.3895
RE1,PWRTRNEXP,2027,0.3895
RE1,PWRTRNEXP,2028,0.3895
RE1,PWRTRNEXP,2029,0.3895
RE1,PWRTRNEXP,2030,0.3895
RE1,PWRTRNEXP,2031,0.3895
RE1,PWRTRNEXP,2032,0.3895
RE1,PWRTRNEXP,2033,0.3895
RE1,PWRTRNEXP,2034,0.3895
RE1,PWRTRNEXP,2035,0.3895
RE1,PWRTRNEXP,2036,0.3895
RE1,PWRTRNEXP,2037,0.3895
RE1,PWRTRNEXP,2038,0.3895
RE1,PWRTRNEXP,2039,0.3895
RE1,PWRTRNEXP,2040,0.3895
RE1,PWRTRNEXP,2041,0.3895
RE1,PWRTRNEXP,2042,0.3895
RE1,PWRTRNEXP,2043,0.3895
RE1,PWRTRNEXP,2044,0.3895
RE1,PWRTRNEXP,2045,0.3895
RE1,PWRTRNEXP,2046,0.3895
RE1,PWRTRNEXP,2047,0.3895
RE1,PWRTRNEXP,2048,0.3895
RE1,PWRTRNEXP,2049,0.3895
RE1,PWRTRNEXP,2050,0.3895
RE1,PWRTRNEXP,2051,0.3895
RE1,PWRTRNEXP,2052,0.3895
RE1,PWRTRNEXP,2053,0.3895
RE1,PWRTRNEXP,2054,0.3895
RE1,PWRTRNEXP,2055,0.3895
RE1,PWRTRNEXP,2056,0.3895
RE1,PWRTRNEXP,2057,0.3895
RE1,PWRTRNEXP,2058,0.3895
RE1,PWRTRNEXP,2059,0.3895
RE1,PWRTRNEXP,2060,0.3895
RE1,PWRTRNEXP,2061,0.3895
RE1,PWRTRNEXP,2062,0.3895
RE1,PWRTRNEXP,2063,0.3895
RE1,PWRTRNEXP,2064,0.3895
RE1,PWRTRNEXP,2065,0.3895
RE1,PWRTRNEXP,2066,0.3895
RE1,PWRTRNEXP,2067,0.3895
RE1,PWRTRNEXP,2068,0.3895
RE1,PWRTRNEXP,2069,0.3895
RE1,PWRTRNEXP,2070,0.3895
RE1,DEMTRAEVC,2021,5.1405
RE1,DEMTRAEVC,2022,10.281
RE1,DEMTRAEVC,2023,15.2963
RE1,DEMTRAEVC,2024,20.4647
RE1,DEMTRAEVC,2025,25.7025
RE1,DEMTRAEVC,2026,27.4287
RE1,DEMTRAEVC,2027,28.4164
RE1,DEMTRAEVC,2028,29.4364
RE1,DEMTRAEVC,2029,30.49
RE1,DEMTRAEVC,2030,31.5786
RE1,DEMTRAEVC,2031,36.8855
RE1,DEMTRAEVC,2032,42.4244
RE1,DEMTRAEVC,2033,48.0109
RE1,DEMTRAEVC,2034,53.6426
RE1,DEMTRAEVC,2035,60.8842
RE1,DEMTRAEVC,2036,67.3883
RE1,DEMTRAEVC,2037,77.1681
RE1,DEMTRAEVC,2038,110.951
RE1,DEMTRAEVC,2039,111.2773
RE1,DEMTRAEVC,2040,106.4938
RE1,DEMTRAEVC,2041,101.3625
RE1,DEMTRAEVC,2042,95.3444
RE1,DEMTRAEVC,2043,88.7683
RE1,DEMTRAEVC,2044,81.3439
RE1,DEMTRAEVC,2045,72.0997
RE1,DEMTRAEVC,2046,59.7201
RE1,DEMTRAEVC,2047,44.7235
RE1,DEMTRAEVC,2048,28.8785
RE1,DEMTRAEVC,2049,5.2819
RE1,DEMTRAEVC,2050,19.3039
RE1,DEMTRAEVC,2051,22.1009
RE1,DEMTRAEVC,2052,24.9431
RE1,DEMTRAEVC,2053,27.8321
RE1,DEMTRAEVC,2054,30.7695
RE1,DEMTRAEVC,2055,33.757
RE1,DEMTRAEVC,2056,36.7964
RE1,DEMTRAEVC,2057,39.8894
RE1,DEMTRAEVC,2058,43.038
RE1,DEMTRAEVC,2059,46.244
RE1,DEMTRAEVC,2060,49.5096
RE1,DEMTRAEVC,2061,52.2432
RE1,DEMTRAEVC,2062,55.0089
RE1,DEMTRAEVC,2063,57.8077
RE1,DEMTRAEVC,2064,60.6404
RE1,DEMTRAEVC,2065,63.5081
RE1,DEMTRAEVC,2066,66.4118
RE1,DEMTRAEVC,2067,69.3525
RE1,DEMTRAEVC,2068,72.3313
RE1,DEMTRAEVC,2069,75.3493
RE1,DEMTRAEVC,2070,164.9138
RE1,DEMTRAMCYELC,2021,4.6311
RE1,DEMTRAMCYELC,2022,9.2622
RE1,DEMTRAMCYELC,2023,13.7805
RE1,DEMTRAMCYELC,2024,18.4367
RE1,DEMTRAMCYELC,2025,23.1554
RE1,DEMTRAMCYELC,2026,24.7106
RE1,DEMTRAMCYELC,2027,25.6004
RE1,DEMTRAMCYELC,2028,26.5193
RE1,DEMTRAMCYELC,2029,27.4685
RE1,DEMTRAMCYELC,2030,28.4492
RE1,DEMTRAMCYELC,2031,28.8865
RE1,DEMTRAMCYELC,2032,29.3697
RE1,DEMTRAMCYELC,2033,29.8958
RE1,DEMTRAMCYELC,2034,30.4626
RE1,DEMTRAMCYELC,2035,32.4799
RE1,DEMTRAMCYELC,2036,33.5852
RE1,DEMTRAMCYELC,2037,34.7219
RE1,DEMTRAMCYELC,2038,35.8912
RE1,DEMTRAMCYELC,2039,37.0946
RE1,DEMTRAMCYELC,2040,35.3973
RE1,DEMTRAMCYELC,2041,32.9988
RE1,DEMTRAMCYELC,2042,38.3184
RE1,DEMTRAMCYELC,2043,35.8768
RE1,DEMTRAMCYELC,2044,25.0139
RE1,DEMTRAMCYELC,2045,23.3164
RE1,DEMTRAMCYELC,2046,17.8086
RE1,DEMTRAMCYELC,2047,8.2591
RE1,DEMTRAMCYELC,2048,19.9222
RE1,DEMTRAMCYELC,2049,4.7585
RE1,DEMTRAMCYELC,2050,0.5265
RE1,DEMTRAMCYELC,2051,5.764
RE1,DEMTRAMCYELC,2053,10.8382
RE1,DEMTRAMCYELC,2054,12.4298
RE1,DEMTRAMCYELC,2055,9.4399
RE1,DEMTRAMCYELC,2056,15.2858
RE1,DEMTRAMCYELC,2057,4.4117
RE1,DEMTRAMCYELC,2058,18.4924
RE1,DEMTRAMCYELC,2059,27.1847
RE1,DEMTRAMCYELC,2060,21.5399
RE1,DEMTRAMCYELC,2061,30.9799
RE1,DEMTRAMCYELC,2062,34.4603
RE1,DEMTRAMCYELC,2063,36.1391
RE1,DEMTRAMCYELC,2064,22.7617
RE1,DEMTRAMCYELC,2065,23.0918
RE1,DEMTRAMCYELC,2066,34.6881
RE1,DEMTRAMCYELC,2067,35.6147
RE1,DEMTRAMCYELC,2068,20.6293
RE1,DEMTRAMCYELC,2069,41.6196
RE1,DEMTRAMCYELC,2070,64.7438
RE1,DEMTRACARELC,2031,4.3437
RE1,DEMTRACARELC,2032,8.8504
RE1,DEMTRACARELC,2033,13.3572
RE1,DEMTRACARELC,2034,17.864
RE1,DEMTRACARELC,2035,22.3708
RE1,DEMTRACARELC,2036,26.8776
RE1,DEMTRACARELC,2037,31.3844
RE1,DEMTRACARELC,2038,35.8912
RE1,DEMTRACARELC,2039,34.9817
RE1,DEMTRACARELC,2040,35.8912
RE1,DEMTRACARELC,2041,30.1452
RE1,DEMTRACARELC,2042,19.4039
RE1,DEMTRACARELC,2043,15.9211
RE1,DEMTRACARELC,2044,34.1821
RE1,DEMTRACARELC,2045,17.9456
RE1,DEMTRACARELC,2046,21.9064
RE1,DEMTRACARELC,2047,17.9456
RE1,DEMTRACARELC,2048,6.0945
RE1,DEMTRACARELC,2050,16.8644
RE1,DEMTRACARELC,2052,19.0354
RE1,DEMTRACARELC,2054,1.0262
RE1,DEMTRACARELC,2055,6.69
RE1,DEMTRACARELC,2056,3.901
RE1,DEMTRACARELC,2057,20.2805
RE1,DEMTRACARELC,2058,20.2805
RE1,DEMTRACARELC,2059,14.4766
RE1,DEMTRACARELC,2060,23.0633
RE1,DEMTRACARELC,2061,16.0861
RE1,DEMTRACARELC,2062,15.0973
RE1,DEMTRACARELC,2063,15.9399
RE1,DEMTRACARELC,2064,31.8693
RE1,DEMTRACARELC,2065,34.1227
RE1,DEMTRACARELC,2066,25.1423
RE1,DEMTRACARELC,2067,26.8651
RE1,DEMTRACARELC,2068,44.5341
RE1,DEMTRACARELC,2069,26.2626
RE1,DEMTRACARELC,2070,64.7438
RE1,DEMTRABUSELC,2036,0.2474
RE1,DEMTRABUSELC,2037,3.4146
RE1,DEMTRABUSELC,2038,28.1736
RE1,DEMTRABUSELC,2039,28.1736
RE1,DEMTRABUSELC,2040,24.6519
RE1,DEMTRABUSELC,2041,28.1736
RE1,DEMTRABUSELC,2042,28.1736
RE1,DEMTRABUSELC,2043,28.1736
RE1,DEMTRABUSELC,2044,14.0868
RE1,DEMTRABUSELC,2045,23.6928
RE1,DEMTRABUSELC,2046,14.0868
RE1,DEMTRABUSELC,2047,14.0868
RE1,DEMTRABUSELC,2051,14.1468
RE1,DEMTRABUSELC,2052,3.4358
RE1,DEMTRABUSELC,2053,14.2357
RE1,DEMTRABUSELC,2054,14.2642
RE1,DEMTRABUSELC,2055,14.2818
RE1,DEMTRABUSELC,2056,13.9631
RE1,DEMTRABUSELC,2057,11.2442
RE1,DEMTRABUSELC,2070,19.0834
RE1,DEMTRAMCYGSL,2015,15.2603
RE1,DEMTRAMCYGSL,2016,16.0773
RE1,DEMTRAMCYGSL,2017,16.9381
RE1,DEMTRAMCYGSL,2018,17.845
RE1,DEMTRAMCYGSL,2019,18.8005
RE1,DEMTRAMCYGSL,2020,19.8071
RE1,DEMTRAMCYGSL,2021,15.9358
RE1,DEMTRAMCYGSL,2022,12.0877
RE1,DEMTRAMCYGSL,2023,8.3766
RE1,DEMTRAMCYGSL,2024,4.553
RE1,DEMTRAMCYGSL,2025,0.6933
RE1,DEMTRACARGSL,2015,15.2603
RE1,DEMTRACARGSL,2016,16.0773
RE1,DEMTRACARGSL,2017,16.9381
RE1,DEMTRACARGSL,2018,17.845
RE1,DEMTRACARGSL,2019,18.8005
RE1,DEMTRACARGSL,2020,19.8071
RE1,DEMTRACARGSL,2021,20.5669
RE1,DEMTRACARGSL,2022,21.3499
RE1,DEMTRACARGSL,2023,22.1571
RE1,DEMTRACARGSL,2024,22.9897
RE1,DEMTRACARGSL,2025,23.8487
RE1,DEMTRACARGSL,2026,24.7106
RE1,DEMTRACARGSL,2027,25.6004
RE1,DEMTRACARGSL,2028,26.5193
RE1,DEMTRACARGSL,2029,27.4685
RE1,DEMTRACARGSL,2030,28.4492
RE1,DEMTRACARGSL,2031,24.5428
RE1,DEMTRACARGSL,2032,20.5193
RE1,DEMTRACARGSL,2033,16.5386
RE1,DEMTRACARGSL,2034,12.5986
RE1,DEMTRACARGSL,2035,10.1091
RE1,DEMTRACARGSL,2036,6.7076
RE1,DEMTRACARGSL,2037,3.3375
RE1,DEMTRABUSGSL,2015,12.4857
RE1,DEMTRABUSGSL,2016,13.1542
RE1,DEMTRABUSGSL,2017,13.8585
RE1,DEMTRABUSGSL,2018,14.6005
RE1,DEMTRABUSGSL,2019,15.3822
RE1,DEMTRABUSGSL,2020,16.2058
RE1,DEMTRABUSGSL,2021,16.8275
RE1,DEMTRABUSGSL,2022,17.4681
RE1,DEMTRABUSGSL,2023,18.1285
RE1,DEMTRABUSGSL,2024,18.8097
RE1,DEMTRABUSGSL,2025,19.5126
RE1,DEMTRABUSGSL,2026,20.2177
RE1,DEMTRABUSGSL,2027,20.9458
RE1,DEMTRABUSGSL,2028,21.6976
RE1,DEMTRABUSGSL,2029,22.4742
RE1,DEMTRABUSGSL,2030,23.2766
RE1,DEMTRABUSGSL,2031,23.6344
RE1,DEMTRABUSGSL,2032,24.0298
RE1,DEMTRABUSGSL,2033,24.4602
RE1,DEMTRABUSGSL,2034,24.924
RE1,DEMTRABUSGSL,2035,26.5744
RE1,DEMTRABUSGSL,2036,27.2315
RE1,DEMTRABUSGSL,2037,24.9942
RE1,DEMTRABUSGSL,2038,1.1919
RE1,DEMINDELC,2015,13.615
RE1,DEMINDELC,2016,14.072
RE1,DEMINDELC,2017,14.605
RE1,DEMINDELC,2018,15.015
RE1,DEMINDELC,2019,14.544
RE1,DEMINDELC,2020,13.532
RE1,DEMINDELC,2021,12.675
RE1,DEMINDELC,2022,15.6055
RE1,DEMINDELC,2023,16.752
RE1,DEMINDELC,2024,4.1708
RE1,DEMINDELC,2025,5.4833
RE1,DEMINDELC,2026,4.7963
RE1,DEMINDELC,2027,5.1397
RE1,DEMINDELC,2028,5.5071
RE1,DEMINDELC,2029,3.87
RE1,DEMINDELC,2030,4.1458
RE1,DEMINDELC,2031,4.8426
RE1,DEMINDELC,2032,5.1439
RE1,DEMINDELC,2033,5.4704
RE1,DEMINDELC,2034,5.8235
RE1,DEMINDELC,2035,6.487
RE1,DEMINDELC,2036,0.4211
RE1,DEMINDELC,2037,0.4549
RE1,INDENEFFDP,2024,10.6215
RE1,INDENEFFDP,2025,10.6215
RE1,INDENEFFDP,2026,12.2145
RE1,INDENEFFDP,2027,13.0891
RE1,INDENEFFDP,2028,14.0248
RE1,INDENEFFDP,2029,16.5876
RE1,INDENEFFDP,2030,17.7701
RE1,INDENEFFDP,2031,20.7566
RE1,INDENEFFDP,2032,22.0481
RE1,INDENEFFDP,2033,23.4474
RE1,INDENEFFDP,2034,24.961
RE1,INDENEFFDP,2035,27.8049
RE1,INDENEFFDP,2036,35.1044
RE1,INDENEFFDP,2037,37.9165
RE1,INDENEFFDP,2038,41.3251
RE1,INDENEFFDP,2039,44.6219
RE1,INDENEFFDP,2040,49.6814
RE1,INDENEFFDP,2041,52.8114
RE1,INDENEFFDP,2042,56.1314
RE1,INDENEFFDP,2043,59.6533
RE1,INDENEFFDP,2044,63.3897
RE1,INDENEFFDP,2045,67.3539
RE1,INDENEFFDP,2046,71.2547
RE1,INDENEFFDP,2047,75.396
RE1,INDENEFFDP,2048,79.792
RE1,INDENEFFDP,2049,84.4576
RE1,INDENEFFDP,2050,89.4088
RE1,INDENEFFDP,2051,92.4846
RE1,INDENEFFDP,2052,95.6659
RE1,INDENEFFDP,2053,98.9564
RE1,INDENEFFDP,2054,102.3596
RE1,INDENEFFDP,2055,105.8796
RE1,INDENEFFDP,2056,109.5203
RE1,INDENEFFDP,2057,113.2858
RE1,INDENEFFDP,2058,117.1805
RE1,INDENEFFDP,2059,121.2089
RE1,INDENEFFDP,2060,125.3756
RE1,INDENEFFDP,2061,128.3596
RE1,INDENEFFDP,2062,131.4145
RE1,INDENEFFDP,2063,134.5422
RE1,INDENEFFDP,2064,137.7445
RE1,INDENEFFDP,2065,141.0233
RE1,INDENEFFDP,2066,144.3805
RE1,INDENEFFDP,2067,147.818
RE1,INDENEFFDP,2068,151.3378
RE1,INDENEFFDP,2069,154.9421
RE1,INDENEFFDP,2070,158.6328
RE1,DEMINDHEEH,2021,0.2949
RE1,DEMINDHEEH,2024,0.2949
RE1,DEMINDHEEH,2049,15.5773
RE1,DEMINDHEEH,2050,20.7779
RE1,DEMINDHEEH,2051,21.1199
RE1,DEMINDHEEH,2052,21.4675
RE1,DEMINDHEEH,2053,21.8207
RE1,DEMINDHEEH,2054,22.1796
RE1,DEMINDHEEH,2055,22.5444
RE1,DEMINDHEEH,2056,22.915
RE1,DEMINDHEEH,2057,23.2918
RE1,DEMINDHEEH,2058,23.6746
RE1,DEMINDHEEH,2059,24.0637
RE1,DEMINDHEEH,2060,24.4592
RE1,DEMINDHEEH,2061,24.7784
RE1,DEMINDHEEH,2062,25.1018
RE1,DEMINDHEEH,2063,25.4294
RE1,DEMINDHEEH,2064,25.7613
RE1,DEMINDHEEH,2065,26.0977
RE1,DEMINDHEEH,2066,26.4384
RE1,DEMINDHEEH,2067,26.7837
RE1,DEMINDHEEH,2068,27.1336
RE1,DEMINDHEEH,2069,27.4881
RE1,DEMINDHEEH,2070,27.8474
RE1,DEMINDHEEL,2049,6.1454
RE1,DEMINDHEEL,2050,13.9426
RE1,DEMINDHEEL,2051,13.8113
RE1,DEMINDHEEL,2052,13.6812
RE1,DEMINDHEEL,2053,13.5523
RE1,DEMINDHEEL,2054,13.4246
RE1,DEMINDHEEL,2055,13.298
RE1,DEMINDHEEL,2056,13.1726
RE1,DEMINDHEEL,2057,13.0483
RE1,DEMINDHEEL,2058,12.9252
RE1,DEMINDHEEL,2059,12.8032
RE1,DEMINDHEEL,2060,12.6823
RE1,DEMINDHEEL,2061,12.5581
RE1,DEMINDHEEL,2062,12.4351
RE1,DEMINDHEEL,2063,12.3133
RE1,DEMINDHEEL,2064,12.1927
RE1,DEMINDHEEL,2065,12.0733
RE1,DEMINDHEEL,2066,11.955
RE1,DEMINDHEEL,2067,11.838
RE1,DEMINDHEEL,2068,11.7222
RE1,DEMINDHEEL,2069,11.6075
RE1,DEMINDHEEL,2070,11.4941
RE1,DEMINDHECOA,2015,6.5637
RE1,DEMINDHECOA,2016,6.9151
RE1,DEMINDHECOA,2017,7.2854
RE1,DEMINDHECOA,2018,7.6755
RE1,DEMINDHECOA,2019,8.0864
RE1,DEMINDHECOA,2020,8.5194
RE1,DEMINDHECOA,2021,8.5513
RE1,DEMINDHECOA,2022,8.5708
RE1,DEMINDHECOA,2023,8.5771
RE1,DEMINDHECOA,2024,8.5698
RE1,DEMINDHECOA,2025,9.7039
RE1,DEMINDHECOA,2026,10.6284
RE1,DEMINDHECOA,2027,8.4419
RE1,DEMINDHECOA,2028,8.3647
RE1,DEMINDHECOA,2029,8.2703
RE1,DEMINDHECOA,2030,8.1577
RE1,DEMINDHECOA,2031,7.8689
RE1,DEMINDHECOA,2032,7.5795
RE1,DEMINDHECOA,2033,7.2866
RE1,DEMINDHECOA,2034,10.2035
RE1,DEMINDHECOA,2035,13.9702
RE1,DEMINDHECOA,2036,14.4456
RE1,DEMINDHECOA,2037,14.9345
RE1,DEMINDHECOA,2042,3.4468
RE1,DEMINDHECOA,2043,15.2497
RE1,DEMINDHECOA,2044,15.7789
RE1,DEMINDHECOA,2045,15.1437
RE1,DEMINDHECOA,2046,13.6949
RE1,DEMINDHECOA,2047,11.5299
RE1,DEMINDHECOA,2048,8.5778
RE1,DEMINDHECOA,2049,4.762
RE1,DEMINDHEOIL,2015,0.0
RE1,DEMINDHEOIL,2016,0.0
RE1,DEMINDHEOIL,2017,0.0
RE1,DEMINDHEOIL,2019,0.0
RE1,DEMINDHEOIL,2021,0.0
RE1,DEMINDHEOIL,2022,0.6122
RE1,DEMINDHEOIL,2023,0.953
RE1,DEMINDHEOIL,2024,1.0236
RE1,DEMINDHEOIL,2025,0.5539
RE1,DEMINDHEOIL,2027,2.5693
RE1,DEMINDHEOIL,2028,3.0417
RE1,DEMINDHEOIL,2029,3.5444
RE1,DEMINDHEOIL,2030,4.0788
RE1,DEMINDHEOIL,2031,4.5557
RE1,DEMINDHEOIL,2032,5.053
RE1,DEMINDHEOIL,2033,5.5721
RE1,DEMINDHEOIL,2034,2.899
RE1,DEMINDHEOIL,2038,15.4374
RE1,DEMINDHEOIL,2039,15.955
RE1,DEMINDHEOIL,2040,16.4879
RE1,DEMINDHEOIL,2041,16.9131
RE1,DEMINDHEOIL,2042,13.9003
RE1,DEMINDHEOIL,2043,2.5405
RE1,DEMINDHEOIL,2044,2.4638
RE1,DEMINDHEOIL,2045,3.5614
RE1,DEMINDHEOIL,2046,5.4008
RE1,DEMINDHEOIL,2047,7.9683
RE1,DEMINDHEOIL,2048,11.335
RE1,DEMINDHEBIO,2015,1.1391
RE1,DEMINDHEBIO,2016,1.1391
RE1,DEMINDHEBIO,2017,4.3426
RE1,DEMINDHEBIO,2018,7.5461
RE1,DEMINDHEBIO,2019,10.7496
RE1,DEMINDHEBIO,2020,13.9531
RE1,DEMINDHEBIO,2021,14.1297
RE1,DEMINDHEBIO,2022,14.3045
RE1,DEMINDHEBIO,2023,14.4779
RE1,DEMINDHEBIO,2024,14.65
RE1,DEMINDHEBIO,2025,14.8212
RE1,DEMINDHEBIO,2026,14.9767
RE1,DEMINDHEBIO,2027,15.1318
RE1,DEMINDHEBIO,2028,15.287
RE1,DEMINDHEBIO,2029,15.4421
RE1,DEMINDHEBIO,2030,15.5975
RE1,DEMINDHEBIO,2031,15.3127
RE1,DEMINDHEBIO,2032,15.0531
RE1,DEMINDHEBIO,2033,14.8151
RE1,DEMINDHEBIO,2034,14.5959
RE1,DEMINDHEBIO,2035,15.0469
RE1,DEMINDHEBIO,2036,15.0436
RE1,DEMINDHEBIO,2037,15.0375
RE1,DEMINDHEBIO,2038,15.0289
RE1,DEMINDHEBIO,2039,15.0183
RE1,DEMINDHEBIO,2040,15.0057
RE1,DEMINDHEBIO,2041,14.9308
RE1,DEMINDHEBIO,2042,14.8542
RE1,DEMINDHEBIO,2043,14.7764
RE1,DEMINDHEBIO,2044,14.6974
RE1,DEMINDHEBIO,2045,14.6176
RE1,DEMINDHEBIO,2046,14.4749
RE1,DEMINDHEBIO,2047,14.3364
RE1,DEMINDHEBIO,2048,14.2017
RE1,DEMINDHEBIO,2049,7.9251
RE1,DEMRESCKNELC,2021,2.0111
RE1,DEMRESCKNELC,2022,3.1821
RE1,DEMRESCKNELC,2023,2.0523
RE1,DEMRESCKNELC,2025,0.7973
RE1,DEMRESCKNELC,2026,0.5355
RE1,DEMRESCKNELC,2027,1.0798
RE1,DEMRESCKNELC,2028,1.4086
RE1,DEMRESCKNELC,2029,10.0498
RE1,DEMRESCKNELC,2030,19.2096
RE1,DEMRESCKNELC,2031,16.2569
RE1,DEMRESCKNELC,2032,13.0527
RE1,DEMRESCKNELC,2033,11.9763
RE1,DEMRESCKNELC,2034,6.7686
RE1,DEMRESCKNELC,2035,10.1625
RE1,DEMRESCKNELC,2036,10.7869
RE1,DEMRESCKNELC,2037,4.0724
RE1,DEMRESCKNELC,2045,3.7166
RE1,DEMRESCKNELC,2046,14.2831
RE1,DEMRESCKNELC,2047,31.0994
RE1,DEMRESCKNELC,2048,48.8143
RE1,DEMRESCKNELC,2049,52.2199
RE1,DEMRESCKNELC,2050,51.7542
RE1,DEMRESCKNELC,2051,51.2749
RE1,DEMRESCKNELC,2052,50.8001
RE1,DEMRESCKNELC,2053,50.3297
RE1,DEMRESCKNELC,2054,49.8637
RE1,DEMRESCKNELC,2055,49.4021
RE1,DEMRESCKNELC,2056,48.9449
RE1,DEMRESCKNELC,2057,48.4919
RE1,DEMRESCKNELC,2058,48.0433
RE1,DEMRESCKNELC,2059,47.5989
RE1,DEMRESCKNELC,2060,47.1589
RE1,DEMRESCKNELC,2061,46.7052
RE1,DEMRESCKNELC,2062,46.256
RE1,DEMRESCKNELC,2063,45.8114
RE1,DEMRESCKNELC,2064,45.3713
RE1,DEMRESCKNELC,2065,44.9358
RE1,DEMRESCKNELC,2066,44.5047
RE1,DEMRESCKNELC,2067,44.078
RE1,DEMRESCKNELC,2068,43.6558
RE1,DEMRESCKNELC,2069,43.238
RE1,DEMRESCKNELC,2070,42.8246
RE1,DEMRESCKNOIL,2015,0.0
RE1,DEMRESCKNOIL,2017,0.0
RE1,DEMRESCKNOIL,2022,0.8901
RE1,DEMRESCKNOIL,2023,4.1306
RE1,DEMRESCKNOIL,2024,8.709
RE1,DEMRESCKNOIL,2025,10.4433
RE1,DEMRESCKNOIL,2026,13.4376
RE1,DEMRESCKNOIL,2027,17.2361
RE1,DEMRESCKNOIL,2028,19.2404
RE1,DEMRESCKNOIL,2029,12.9769
RE1,DEMRESCKNOIL,2030,6.24
RE1,DEMRESCKNOIL,2031,10.9711
RE1,DEMRESCKNOIL,2032,15.9164
RE1,DEMRESCKNOIL,2033,20.594
RE1,DEMRESCKNOIL,2034,27.1565
RE1,DEMRESCKNOIL,2035,32.2911
RE1,DEMRESCKNOIL,2036,36.062
RE1,DEMRESCKNOIL,2037,45.6761
RE1,DEMRESCKNOIL,2038,52.6918
RE1,DEMRESCKNOIL,2039,55.6519
RE1,DEMRESCKNOIL,2040,55.6135
RE1,DEMRESCKNOIL,2041,55.3431
RE1,DEMRESCKNOIL,2042,55.0671
RE1,DEMRESCKNOIL,2043,54.7865
RE1,DEMRESCKNOIL,2044,54.5019
RE1,DEMRESCKNOIL,2045,50.4975
RE1,DEMRESCKNOIL,2046,39.4104
RE1,DEMRESCKNOIL,2047,22.0891
RE1,DEMRESCKNOIL,2048,3.8834
RE1,DEMRESCKNBIO,2015,4.3005
RE1,DEMRESCKNBIO,2016,4.3057
RE1,DEMRESCKNBIO,2017,16.1316
RE1,DEMRESCKNBIO,2018,27.9578
RE1,DEMRESCKNBIO,2019,39.7844
RE1,DEMRESCKNBIO,2020,51.6112
RE1,DEMRESCKNBIO,2021,50.2565
RE1,DEMRESCKNBIO,2022,48.8454
RE1,DEMRESCKNBIO,2023,47.3794
RE1,DEMRESCKNBIO,2024,45.4939
RE1,DEMRESCKNBIO,2025,43.5996
RE1,DEMRESCKNBIO,2026,41.4461
RE1,DEMRESCKNBIO,2027,37.6816
RE1,DEMRESCKNBIO,2028,35.9267
RE1,DEMRESCKNBIO,2029,34.1276
RE1,DEMRESCKNBIO,2030,32.2844
RE1,DEMRESCKNBIO,2031,29.4576
RE1,DEMRESCKNBIO,2032,26.7617
RE1,DEMRESCKNBIO,2033,22.2859
RE1,DEMRESCKNBIO,2034,20.1258
RE1,DEMRESCKNBIO,2035,13.2744
RE1,DEMRESCKNBIO,2036,8.8737
RE1,DEMRESCKNBIO,2037,5.959
RE1,DEMRESCKNBIO,2038,2.9917
RE1,DEMRESHEBIO,2015,1.8431
RE1,DEMRESHEBIO,2016,1.8453
RE1,DEMRESHEBIO,2017,6.9136
RE1,DEMRESHEBIO,2018,11.9819
RE1,DEMRESHEBIO,2019,17.0504
RE1,DEMRESHEBIO,2020,22.1191
RE1,DEMRESHEBIO,2021,22.4004
RE1,DEMRESHEBIO,2022,22.679
RE1,DEMRESHEBIO,2023,22.9553
RE1,DEMRESHEBIO,2024,23.2298
RE1,DEMRESHEBIO,2025,23.5029
RE1,DEMRESHEBIO,2026,23.7511
RE1,DEMRESHEBIO,2027,23.9989
RE1,DEMRESHEBIO,2028,24.2467
RE1,DEMRESHEBIO,2029,24.4947
RE1,DEMRESHEBIO,2030,24.7431
RE1,DEMRESHEBIO,2031,24.2938
RE1,DEMRESHEBIO,2032,23.8846
RE1,DEMRESHEBIO,2033,23.5098
RE1,DEMRESHEBIO,2034,23.1647
RE1,DEMRESHEBIO,2035,23.8834
RE1,DEMRESHEBIO,2036,23.8812
RE1,DEMRESHEBIO,2037,23.8746
RE1,DEMRESHEBIO,2038,23.8643
RE1,DEMRESHEBIO,2039,23.712
RE1,DEMRESHEBIO,2040,9.8898
RE1,DEMRESHEBIO,2044,13.7128
RE1,DEMRESHEBIO,2045,23.2346
RE1,DEMRESHEBIO,2046,22.8381
RE1,DEMRESHEBIO,2047,13.3657
RE1,DEMRESHEBIO,2048,4.1345
RE1,DEMRESHEBIO,2049,1.1438
RE1,DEMRESHEOIL,2039,0.1388
RE1,DEMRESHEOIL,2040,13.9446
RE1,DEMRESHEOIL,2041,23.7185
RE1,DEMRESHEOIL,2042,23.6002
RE1,DEMRESHEOIL,2043,23.4799
RE1,DEMRESHEOIL,2044,9.6451
RE1,DEMRESHEOIL,2046,0.1734
RE1,DEMRESHEOIL,2047,9.4293
RE1,DEMRESHEOIL,2048,18.4502
RE1,DEMRESHEOIL,2049,19.3997
RE1,DEMRESHEEL,2049,1.8365
RE1,DEMRESHEEL,2050,22.1804
RE1,DEMRESHEEL,2051,21.9749
RE1,DEMRESHEEL,2052,21.7715
RE1,DEMRESHEEL,2053,21.5699
RE1,DEMRESHEEL,2054,21.3702
RE1,DEMRESHEEL,2055,21.1723
RE1,DEMRESHEEL,2056,20.9764
RE1,DEMRESHEEL,2057,20.7823
RE1,DEMRESHEEL,2058,20.59
RE1,DEMRESHEEL,2059,20.3995
RE1,DEMRESHEEL,2060,20.2109
RE1,DEMRESHEEL,2061,20.0165
RE1,DEMRESHEEL,2062,19.824
RE1,DEMRESHEEL,2063,19.6335
RE1,DEMRESHEEL,2064,19.4449
RE1,DEMRESHEEL,2065,19.2582
RE1,DEMRESHEEL,2066,19.0734
RE1,DEMRESHEEL,2067,18.8906
RE1,DEMRESHEEL,2068,18.7096
RE1,DEMRESHEEL,2069,18.5306
RE1,DEMRESHEEL,2070,18.3534
RE1,DEMCOMHEOIL,2040,0.2124
RE1,DEMCOMHEOIL,2041,0.3375
RE1,DEMCOMHEOIL,2042,0.3462
RE1,DEMCOMHEOIL,2043,0.355
RE1,DEMCOMHEOIL,2044,0.1891
RE1,DEMCOMHEOIL,2046,0.0639
RE1,DEMCOMHEOIL,2047,0.1331
RE1,DEMCOMHEOIL,2048,0.2663
RE1,DEMCOMHEOIL,2049,0.2663
RE1,DEMCOMHEBIO,2015,0.131
RE1,DEMCOMHEBIO,2016,0.138
RE1,DEMCOMHEBIO,2017,0.1454
RE1,DEMCOMHEBIO,2018,0.1532
RE1,DEMCOMHEBIO,2019,0.1614
RE1,DEMCOMHEBIO,2020,0.17
RE1,DEMCOMHEBIO,2021,0.1765
RE1,DEMCOMHEBIO,2022,0.1833
RE1,DEMCOMHEBIO,2023,0.1902
RE1,DEMCOMHEBIO,2024,0.1973
RE1,DEMCOMHEBIO,2025,0.2047
RE1,DEMCOMHEBIO,2026,0.2121
RE1,DEMCOMHEBIO,2027,0.2197
RE1,DEMCOMHEBIO,2028,0.2276
RE1,DEMCOMHEBIO,2029,0.2358
RE1,DEMCOMHEBIO,2030,0.2442
RE1,DEMCOMHEBIO,2031,0.248
RE1,DEMCOMHEBIO,2032,0.2521
RE1,DEMCOMHEBIO,2033,0.2566
RE1,DEMCOMHEBIO,2034,0.2615
RE1,DEMCOMHEBIO,2035,0.2788
RE1,DEMCOMHEBIO,2036,0.2883
RE1,DEMCOMHEBIO,2037,0.298
RE1,DEMCOMHEBIO,2038,0.3081
RE1,DEMCOMHEBIO,2039,0.3184
RE1,DEMCOMHEBIO,2040,0.1166
RE1,DEMCOMHEBIO,2044,0.175
RE1,DEMCOMHEBIO,2045,0.3733
RE1,DEMCOMHEBIO,2046,0.3172
RE1,DEMCOMHEBIO,2047,0.256
RE1,DEMCOMHEBIO,2048,0.1311
RE1,DEMCOMHEBIO,2049,0.0814
RE1,DEMCOMHEEL,2049,0.0582
RE1,DEMCOMHEEL,2050,0.4147
RE1,DEMCOMHEEL,2051,0.4215
RE1,DEMCOMHEEL,2052,0.4284
RE1,DEMCOMHEEL,2053,0.4355
RE1,DEMCOMHEEL,2054,0.4426
RE1,DEMCOMHEEL,2055,0.4499
RE1,DEMCOMHEEL,2056,0.4573
RE1,DEMCOMHEEL,2057,0.4648
RE1,DEMCOMHEEL,2058,0.4725
RE1,DEMCOMHEEL,2059,0.4802
RE1,DEMCOMHEEL,2060,0.4881
RE1,DEMCOMHEEL,2061,0.4945
RE1,DEMCOMHEEL,2062,0.501
RE1,DEMCOMHEEL,2063,0.5075
RE1,DEMCOMHEEL,2064,0.5141
RE1,DEMCOMHEEL,2065,0.5208
RE1,DEMCOMHEEL,2066,0.5276
RE1,DEMCOMHEEL,2067,0.5345
RE1,DEMCOMHEEL,2068,0.5415
RE1,DEMCOMHEEL,2069,0.5486
RE1,DEMCOMHEEL,2070,0.5558
RE1,BSTOPMCY,2015,0.0
RE1,BSTOPMCY,2016,0.0
RE1,BSTOPMCY,2017,0.0
RE1,BSTOPMCY,2018,0.0
RE1,BSTOPMCY,2019,0.0
RE1,BSTOPMCY,2020,0.0
RE1,BSTOPMCY,2040,2.9361
RE1,BSTOPMCY,2041,6.3233
RE1,BSTOPMCY,2042,2.0128
RE1,BSTOPMCY,2043,5.4844
RE1,BSTOPMCY,2044,17.3995
RE1,BSTOPMCY,2045,20.1719
RE1,BSTOPMCY,2046,26.5878
RE1,BSTOPMCY,2047,37.0732
RE1,BSTOPMCY,2048,26.3738
RE1,BSTOPMCY,2049,42.5293
RE1,BSTOPMCY,2050,47.7811
RE1,BSTOPMCY,2051,43.3387
RE1,BSTOPMCY,2052,49.9107
RE1,BSTOPMCY,2053,39.8936
RE1,BSTOPMCY,2054,39.1365
RE1,BSTOPMCY,2055,42.9745
RE1,BSTOPMCY,2056,37.9904
RE1,BSTOPMCY,2057,49.7404
RE1,BSTOPMCY,2058,36.5498
RE1,BSTOPMCY,2059,28.7621
RE1,BSTOPMCY,2060,35.3263
RE1,BSTOPMCY,2061,26.6286
RE1,BSTOPMCY,2062,23.9
RE1,BSTOPMCY,2063,22.983
RE1,BSTOPMCY,2064,37.1321
RE1,BSTOPMCY,2065,37.5838
RE1,BSTOPMCY,2066,26.7798
RE1,BSTOPMCY,2067,26.656
RE1,BSTOPMCY,2068,42.4548
RE1,BSTOPMCY,2069,22.2888
RE1,BSTOPCAR,2039,2.1129
RE1,BSTOPCAR,2040,2.4423
RE1,BSTOPCAR,2041,9.1769
RE1,BSTOPCAR,2042,20.9272
RE1,BSTOPCAR,2043,25.4402
RE1,BSTOPCAR,2044,8.2313
RE1,BSTOPCAR,2045,25.5427
RE1,BSTOPCAR,2046,22.49
RE1,BSTOPCAR,2047,27.3867
RE1,BSTOPCAR,2048,40.2016
RE1,BSTOPCAR,2049,47.2877
RE1,BSTOPCAR,2050,31.4431
RE1,BSTOPCAR,2051,49.1026
RE1,BSTOPCAR,2052,30.8752
RE1,BSTOPCAR,2053,50.7318
RE1,BSTOPCAR,2054,50.5402
RE1,BSTOPCAR,2055,45.7244
RE1,BSTOPCAR,2056,49.3753
RE1,BSTOPCAR,2057,33.8716
RE1,BSTOPCAR,2058,34.7617
RE1,BSTOPCAR,2059,41.4702
RE1,BSTOPCAR,2060,33.803
RE1,BSTOPCAR,2061,41.5224
RE1,BSTOPCAR,2062,43.2631
RE1,BSTOPCAR,2063,43.1821
RE1,BSTOPCAR,2064,28.0245
RE1,BSTOPCAR,2065,26.553
RE1,BSTOPCAR,2066,36.3256
RE1,BSTOPCAR,2067,35.4056
RE1,BSTOPCAR,2068,18.55
RE1,BSTOPCAR,2069,37.6458
RE1,BSTOPBUS,2039,2.1765
RE1,BSTOPBUS,2040,6.7119
RE1,BSTOPBUS,2041,3.9991
RE1,BSTOPBUS,2042,4.8247
RE1,BSTOPBUS,2043,5.6675
RE1,BSTOPBUS,2044,20.6151
RE1,BSTOPBUS,2045,11.8885
RE1,BSTOPBUS,2046,22.2376
RE1,BSTOPBUS,2047,23.0033
RE1,BSTOPBUS,2048,37.8786
RE1,BSTOPBUS,2049,38.69
RE1,BSTOPBUS,2050,39.5244
RE1,BSTOPBUS,2051,26.0281
RE1,BSTOPBUS,2052,37.4002
RE1,BSTOPBUS,2053,27.2722
RE1,BSTOPBUS,2054,27.9264
RE1,BSTOPBUS,2055,28.6028
RE1,BSTOPBUS,2056,29.6266
RE1,BSTOPBUS,2057,33.062
RE1,BSTOPBUS,2058,45.0345
RE1,BSTOPBUS,2059,45.7747
RE1,BSTOPBUS,2060,46.5269
RE1,BSTOPBUS,2061,47.1342
RE1,BSTOPBUS,2062,47.7494
RE1,BSTOPBUS,2063,48.3726
RE1,BSTOPBUS,2064,49.004
RE1,BSTOPBUS,2065,49.6437
RE1,BSTOPBUS,2066,50.2919
RE1,BSTOPBUS,2067,50.9487
RE1,BSTOPBUS,2068,51.6143
RE1,BSTOPBUS,2069,52.2887
RE1,BSTOPBUS,2070,33.8888
RE1,TEC087,2015,3.7453
RE1,TEC087,2016,3.3297
RE1,TEC087,2017,4.4124
RE1,TEC087,2018,3.0363
RE1,TEC087,2019,2.4647
RE1,TEC087,2020,1.2953
RE1,TEC087,2021,5.688
RE1,TEC087,2022,8.5816
RE1,TEC087,2023,8.7281
RE1,TEC087,2024,10.805
RE1,TEC087,2025,23.1681
RE1,TEC087,2026,25.0632
RE1,TEC087,2027,29.8209
RE1,TEC087,2028,32.7715
RE1,TEC087,2029,48.0454
RE1,TEC087,2030,49.4132
RE1,TEC087,2031,50.4566
RE1,TEC087,2032,54.2024
RE1,TEC087,2033,61.294
RE1,TEC087,2034,63.727
RE1,TEC087,2035,81.5442
RE1,TEC087,2036,89.1613
RE1,TEC087,2037,94.1027
RE1,TEC087,2038,99.3725
RE1,TEC087,2039,104.9957
RE1,TEC087,2040,110.9988
RE1,TEC087,2041,114.5032
RE1,TEC087,2042,113.9653
RE1,TEC087,2043,113.6651
RE1,TEC087,2044,107.694
RE1,TEC087,2045,103.7648
RE1,TEC087,2046,103.9989
RE1,TEC087,2047,108.4226
RE1,TEC087,2048,113.0976
RE1,TEC087,2049,118.0375
RE1,TEC087,2050,157.0723
RE1,TEC087,2051,160.9843
RE1,TEC087,2052,165.0106
RE1,TEC087,2053,169.1545
RE1,TEC087,2054,173.4198
RE1,TEC087,2055,177.8103
RE1,TEC087,2056,182.3298
RE1,TEC087,2057,186.9826
RE1,TEC087,2058,191.773
RE1,TEC087,2059,196.7053
RE1,TEC087,2060,201.7842
RE1,TEC087,2061,205.5387
RE1,TEC087,2062,209.3713
RE1,TEC087,2063,213.2839
RE1,TEC087,2064,217.2784
RE1,TEC087,2065,221.3568
RE1,TEC087,2066,225.521
RE1,TEC087,2067,229.773
RE1,TEC087,2068,234.1148
RE1,TEC087,2069,238.5487
RE1,TEC087,2070,310.1346
