r,t,y,TotalCapacityAnnual
RE1,MINBIO,2015,27.6641
RE1,MINBIO,2016,27.7044
RE1,MINBIO,2017,103.4348
RE1,MINBIO,2018,179.1675
RE1,MINBIO,2019,254.9026
RE1,MINBIO,2020,330.6402
RE1,MINBIO,2021,334.8497
RE1,MINBIO,2022,340.8694
RE1,MINBIO,2023,366.1615
RE1,MINBIO,2024,384.5032
RE1,MINBIO,2025,390.6063
RE1,MINBIO,2026,396.4089
RE1,MINBIO,2027,402.325
RE1,MINBIO,2028,408.3664
RE1,MINBIO,2029,414.545
RE1,MINBIO,2030,420.8728
RE1,MINBIO,2031,416.1532
RE1,MINBIO,2032,412.2103
RE1,MINBIO,2033,408.9643
RE1,MINBIO,2034,406.3528
RE1,MINBIO,2035,422.6966
RE1,MINBIO,2036,426.6498
RE1,MINBIO,2037,430.8013
RE1,MINBIO,2038,435.1792
RE1,MINBIO,2039,439.8114
RE1,MINBIO,2040,444.7267
RE1,MINBIO,2041,446.0122
RE1,MINBIO,2042,448.7655
RE1,MINBIO,2043,451.7358
RE1,MINBIO,2044,454.9928
RE1,MINBIO,2045,455.7938
RE1,MINBIO,2046,448.9615
RE1,MINBIO,2047,458.7248
RE1,MINBIO,2048,461.0124
RE1,MINBIO,2049,463.6867
RE1,MINBIO,2050,508.504
RE1,MINBIO,2051,509.6375
RE1,MINBIO,2052,510.3045
RE1,MINBIO,2053,511.1559
RE1,MINBIO,2054,512.1686
RE1,MINBIO,2055,515.5312
RE1,MINBIO,2056,516.8598
RE1,MINBIO,2057,519.2278
RE1,MINBIO,2058,523.3949
RE1,MINBIO,2059,527.9395
RE1,MINBIO,2060,531.2157
RE1,MINBIO,2061,532.2168
RE1,MINBIO,2062,533.6473
RE1,MINBIO,2063,535.1776
RE1,MINBIO,2064,536.8439
RE1,MINBIO,2065,539.5393
RE1,MINBIO,2066,541.2773
RE1,MINBIO,2067,546.5742
RE1,MINBIO,2068,549.4395
RE1,MINBIO,2069,547.7391
RE1,MINBIO,2070,545.7457
RE1,IMPCOA,2015,8.1033
RE1,IMPCOA,2016,8.5372
RE1,IMPCOA,2017,8.9943
RE1,IMPCOA,2018,9.4759
RE1,IMPCOA,2019,9.9832
RE1,IMPCOA,2020,10.5178
RE1,IMPCOA,2021,10.9212
RE1,IMPCOA,2022,19.9724
RE1,IMPCOA,2023,20.4011
RE1,IMPCOA,2024,20.8432
RE1,IMPCOA,2025,21.2993
RE1,IMPCOA,2026,21.757
RE1,IMPCOA,2027,13.594
RE1,IMPCOA,2028,14.082
RE1,IMPCOA,2029,14.586
RE1,IMPCOA,2030,15.1068
RE1,IMPCOA,2031,15.339
RE1,IMPCOA,2032,15.5956
RE1,IMPCOA,2033,15.875
RE1,IMPCOA,2034,16.1759
RE1,IMPCOA,2035,17.2471
RE1,IMPCOA,2036,17.8341
RE1,IMPCOA,2037,18.4376
RE1,IMPCOA,2038,19.0585
RE1,IMPCOA,2039,19.6975
RE1,IMPCOA,2040,20.3554
RE1,IMPCOA,2041,20.8804
RE1,IMPCOA,2042,21.4162
RE1,IMPCOA,2043,21.9632
RE1,IMPCOA,2044,22.5219
RE1,IMPCOA,2045,23.0927
RE1,IMPCOA,2046,23.5749
RE1,IMPCOA,2047,24.0719
RE1,IMPCOA,2048,24.5836
RE1,IMPCOA,2049,25.1102
RE1,IMPCOA,2050,25.6518
RE1,IMPCOA,2051,26.074
RE1,IMPCOA,2052,26.503
RE1,IMPCOA,2053,26.9391
RE1,IMPCOA,2054,27.3822
RE1,IMPCOA,2055,27.8325
RE1,IMPCOA,2056,28.2902
RE1,IMPCOA,2057,28.7553
RE1,IMPCOA,2058,29.2279
RE1,IMPCOA,2059,29.7083
RE1,IMPCOA,2060,30.1965
RE1,IMPCOA,2061,30.5906
RE1,IMPCOA,2062,30.9899
RE1,IMPCOA,2063,31.3943
RE1,IMPCOA,2064,31.8041
RE1,IMPCOA,2065,32.2193
RE1,IMPCOA,2066,32.64
RE1,IMPCOA,2067,35.1215
RE1,IMPCOA,2068,41.7098
RE1,IMPCOA,2069,44.106
RE1,IMPCOA,2070,44.5496
RE1,IMPLFO,2015,202.5455
RE1,IMPLFO,2016,213.3901
RE1,IMPLFO,2017,224.8154
RE1,IMPLFO,2018,236.8523
RE1,IMPLFO,2019,249.5338
RE1,IMPLFO,2020,262.8942
RE1,IMPLFO,2021,249.8236
RE1,IMPLFO,2022,237.5817
RE1,IMPLFO,2023,225.1827
RE1,IMPLFO,2024,213.1235
RE1,IMPLFO,2025,200.7605
RE1,IMPLFO,2026,204.4238
RE1,IMPLFO,2027,211.7848
RE1,IMPLFO,2028,219.3867
RE1,IMPLFO,2029,227.2392
RE1,IMPLFO,2030,235.3523
RE1,IMPLFO,2031,238.9702
RE1,IMPLFO,2032,242.9677
RE1,IMPLFO,2033,247.3202
RE1,IMPLFO,2034,252.009
RE1,IMPLFO,2035,268.697
RE1,IMPLFO,2036,277.8415
RE1,IMPLFO,2037,287.2444
RE1,IMPLFO,2038,296.9177
RE1,IMPLFO,2039,306.8731
RE1,IMPLFO,2040,317.1221
RE1,IMPLFO,2041,325.3014
RE1,IMPLFO,2042,333.6485
RE1,IMPLFO,2043,342.1707
RE1,IMPLFO,2044,350.8744
RE1,IMPLFO,2045,359.7665
RE1,IMPLFO,2046,344.7455
RE1,IMPLFO,2047,329.954
RE1,IMPLFO,2048,315.3928
RE1,IMPLFO,2049,301.0629
RE1,IMPLFO,2050,163.3496
RE1,IMPLFO,2051,110.3097
RE1,IMPLFO,2052,91.8159
RE1,IMPLFO,2053,73.3879
RE1,IMPLFO,2054,55.0265
RE1,IMPLFO,2055,36.7328
RE1,IMPLFO,2056,18.5081
RE1,IMPLFO,2057,0.3534
RE1,IMPNGS,2060,194.8235
RE1,IMPNGS,2061,251.65
RE1,IMPNGS,2062,241.8514
RE1,IMPNGS,2063,237.1687
RE1,IMPNGS,2064,232.977
RE1,IMPNGS,2065,232.977
RE1,IMPNGS,2066,242.6636
RE1,IMPNGS,2067,253.9303
RE1,IMPNGS,2068,263.5268
RE1,IMPNGS,2069,263.5268
RE1,IMPNGS,2070,131.0428
RE1,MINNGS,2024,5.1011
RE1,MINNGS,2025,5.5577
RE1,MINNGS,2026,10.8038
RE1,MINNGS,2027,21.4864
RE1,MINNGS,2028,23.8426
RE1,MINNGS,2029,38.3682
RE1,MINNGS,2030,42.7825
RE1,MINNGS,2031,52.854
RE1,MINNGS,2032,67.9139
RE1,MINNGS,2033,72.5967
RE1,MINNGS,2034,76.7883
RE1,MINNGS,2035,76.7883
RE1,MINNGS,2036,79.9663
RE1,MINNGS,2037,84.8546
RE1,MINNGS,2038,84.8546
RE1,MINNGS,2039,84.8546
RE1,MINNGS,2040,84.8546
RE1,MINNGS,2041,84.8546
RE1,MINNGS,2042,84.8546
RE1,MINNGS,2043,84.8546
RE1,MINNGS,2044,84.8546
RE1,MINNGS,2045,84.8546
RE1,MINNGS,2046,84.8546
RE1,MINNGS,2047,99.2166
RE1,MINNGS,2048,120.1901
RE1,MINNGS,2049,141.6443
RE1,MINNGS,2050,198.1076
RE1,MINNGS,2051,213.352
RE1,MINNGS,2052,221.4819
RE1,MINNGS,2053,229.9708
RE1,MINNGS,2054,238.6633
RE1,MINNGS,2055,247.5651
RE1,MINNGS,2056,256.6822
RE1,MINNGS,2057,266.0207
RE1,MINNGS,2058,263.6646
RE1,MINNGS,2059,260.3702
RE1,MINNGS,2060,66.898
RE1,MINSOL,2015,0.3031
RE1,MINSOL,2017,0.3488
RE1,MINSOL,2021,1.0767
RE1,MINSOL,2022,1.0767
RE1,MINSOL,2023,1.3911
RE1,MINSOL,2024,1.7389
RE1,MINSOL,2025,14.7222
RE1,MINSOL,2026,15.8163
RE1,MINSOL,2027,16.6427
RE1,MINSOL,2028,17.5168
RE1,MINSOL,2029,18.4412
RE1,MINSOL,2030,19.4152
RE1,MINSOL,2031,20.1534
RE1,MINSOL,2032,20.9585
RE1,MINSOL,2033,21.8306
RE1,MINSOL,2034,22.7751
RE1,MINSOL,2035,24.8274
RE1,MINSOL,2036,26.2725
RE1,MINSOL,2037,27.8249
RE1,MINSOL,2038,29.5098
RE1,MINSOL,2039,39.3321
RE1,MINSOL,2040,52.0931
RE1,MINSOL,2041,58.8952
RE1,MINSOL,2042,65.1037
RE1,MINSOL,2043,71.7081
RE1,MINSOL,2044,77.2667
RE1,MINSOL,2045,79.2707
RE1,MINSOL,2046,101.1152
RE1,MINSOL,2047,105.5806
RE1,MINSOL,2048,113.4
RE1,MINSOL,2049,121.3419
RE1,MINSOL,2050,139.2848
RE1,MINSOL,2051,144.3767
RE1,MINSOL,2052,146.2274
RE1,MINSOL,2053,148.1322
RE1,MINSOL,2054,150.0928
RE1,MINSOL,2055,152.111
RE1,MINSOL,2056,154.1885
RE1,MINSOL,2057,156.3272
RE1,MINSOL,2058,159.446
RE1,MINSOL,2059,161.7132
RE1,MINSOL,2060,169.5273
RE1,MINSOL,2061,172.1055
RE1,MINSOL,2062,173.8673
RE1,MINSOL,2063,178.6346
RE1,MINSOL,2064,183.554
RE1,MINSOL,2065,191.4159
RE1,MINSOL,2066,190.0305
RE1,MINSOL,2067,189.5159
RE1,MINSOL,2068,187.8545
RE1,MINSOL,2069,189.8927
RE1,MINSOL,2070,201.7192
RE1,MINWND,2024,0.0315
RE1,MINWND,2025,0.0315
RE1,MINWND,2026,0.3155
RE1,MINWND,2027,0.3155
RE1,MINWND,2028,0.3155
RE1,MINWND,2029,0.3155
RE1,MINWND,2030,0.3155
RE1,MINWND,2031,0.3155
RE1,MINWND,2032,0.3155
RE1,MINWND,2035,14.9907
RE1,MINWND,2036,15.8998
RE1,MINWND,2037,16.8688
RE1,MINWND,2038,17.9022
RE1,MINWND,2039,19.0049
RE1,MINWND,2040,19.0049
RE1,MINWND,2041,19.0049
RE1,MINWND,2042,19.0049
RE1,MINWND,2043,19.0049
RE1,MINWND,2044,19.9572
RE1,MINWND,2045,25.6981
RE1,MINWND,2046,25.6981
RE1,MINWND,2047,28.1098
RE1,MINWND,2048,29.4195
RE1,MINWND,2049,30.8033
RE1,MINWND,2050,41.7384
RE1,MINWND,2051,56.4607
RE1,MINWND,2052,63.3339
RE1,MINWND,2053,70.1565
RE1,MINWND,2054,76.997
RE1,MINWND,2055,83.8565
RE1,MINWND,2056,90.736
RE1,MINWND,2057,97.6367
RE1,MINWND,2058,102.9515
RE1,MINWND,2059,109.1117
RE1,MINWND,2060,110.5345
RE1,MINWND,2061,116.0741
RE1,MINWND,2062,121.5585
RE1,MINWND,2063,124.135
RE1,MINWND,2064,126.5686
RE1,MINWND,2065,126.6741
RE1,MINWND,2066,129.8682
RE1,MINWND,2067,131.3868
RE1,MINWND,2068,132.9375
RE1,MINWND,2069,133.5687
RE1,MINWND,2070,211.7625
RE1,MINHYD,2015,5.8974
RE1,MINHYD,2016,5.3692
RE1,MINHYD,2017,7.3789
RE1,MINHYD,2018,4.9079
RE1,MINHYD,2019,4.1785
RE1,MINHYD,2020,3.0091
RE1,MINHYD,2021,10.5408
RE1,MINHYD,2022,18.015
RE1,MINHYD,2023,18.015
RE1,MINHYD,2024,18.015
RE1,MINHYD,2025,18.015
RE1,MINHYD,2026,18.015
RE1,MINHYD,2027,18.015
RE1,MINHYD,2028,18.015
RE1,MINHYD,2029,18.015
RE1,MINHYD,2030,18.015
RE1,MINHYD,2031,18.015
RE1,MINHYD,2032,18.015
RE1,MINHYD,2033,18.015
RE1,MINHYD,2034,18.015
RE1,MINHYD,2035,18.015
RE1,MINHYD,2036,18.015
RE1,MINHYD,2037,18.015
RE1,MINHYD,2038,18.015
RE1,MINHYD,2039,18.015
RE1,MINHYD,2040,18.015
RE1,MINHYD,2041,18.015
RE1,MINHYD,2042,18.015
RE1,MINHYD,2043,18.015
RE1,MINHYD,2044,18.015
RE1,MINHYD,2045,18.015
RE1,MINHYD,2046,18.015
RE1,MINHYD,2047,18.015
RE1,MINHYD,2048,18.015
RE1,MINHYD,2049,18.015
RE1,MINHYD,2050,18.015
RE1,MINHYD,2051,18.015
RE1,MINHYD,2052,18.015
RE1,MINHYD,2053,18.015
RE1,MINHYD,2054,18.015
RE1,MINHYD,2055,18.015
RE1,MINHYD,2056,18.015
RE1,MINHYD,2057,18.015
RE1,MINHYD,2058,18.015
RE1,MINHYD,2059,18.015
RE1,MINHYD,2060,18.015
RE1,MINHYD,2061,18.015
RE1,MINHYD,2062,18.015
RE1,MINHYD,2063,18.015
RE1,MINHYD,2064,18.015
RE1,MINHYD,2065,18.015
RE1,MINHYD,2066,18.015
RE1,MINHYD,2067,18.015
RE1,MINHYD,2068,18.015
RE1,MINHYD,2069,18.015
RE1,MINHYD,2070,18.015
RE1,PWRBIO001,2022,0.0413
RE1,PWRBIO001,2023,0.5131
RE1,PWRBIO001,2024,0.8306
RE1,PWRBIO001,2025,0.8755
RE1,PWRBIO001,2026,0.9221
RE1,PWRBIO001,2027,0.9713
RE1,PWRBIO001,2028,1.0233
RE1,PWRBIO001,2029,1.0782
RE1,PWRBIO001,2030,1.1364
RE1,PWRBIO001,2031,1.1808
RE1,PWRBIO001,2032,1.2291
RE1,PWRBIO001,2033,1.2815
RE1,PWRBIO001,2034,1.3382
RE1,PWRBIO001,2035,1.4628
RE1,PWRBIO001,2036,1.5515
RE1,PWRBIO001,2037,1.6461
RE1,PWRBIO001,2038,1.7469
RE1,PWRBIO001,2039,1.8545
RE1,PWRBIO001,2040,1.9694
RE1,PWRBIO001,2041,2.0662
RE1,PWRBIO001,2042,2.168
RE1,PWRBIO001,2043,2.2786
RE1,PWRBIO001,2044,2.3946
RE1,PWRBIO001,2045,2.4304
RE1,PWRBIO001,2046,2.4819
RE1,PWRBIO001,2047,2.7706
RE1,PWRBIO001,2048,2.9033
RE1,PWRBIO001,2049,3.0436
RE1,PWRBIO001,2050,4.1518
RE1,PWRBIO001,2051,4.2629
RE1,PWRBIO001,2052,4.3662
RE1,PWRBIO001,2053,4.472
RE1,PWRBIO001,2054,4.5811
RE1,PWRBIO001,2055,4.6936
RE1,PWRBIO001,2056,4.8096
RE1,PWRBIO001,2057,4.9291
RE1,PWRBIO001,2058,5.0981
RE1,PWRBIO001,2059,5.2754
RE1,PWRBIO001,2060,5.4213
RE1,PWRBIO001,2061,5.5279
RE1,PWRBIO001,2062,5.6332
RE1,PWRBIO001,2063,5.7407
RE1,PWRBIO001,2064,5.8503
RE1,PWRBIO001,2065,5.9641
RE1,PWRBIO001,2066,6.0804
RE1,PWRBIO001,2067,6.2062
RE1,PWRBIO001,2068,6.3085
RE1,PWRBIO001,2069,6.3001
RE1,PWRBIO001,2070,6.1852
RE1,PWRCOA001,2015,0.12
RE1,PWRCOA001,2016,0.12
RE1,PWRCOA001,2017,0.12
RE1,PWRCOA001,2018,0.12
RE1,PWRCOA001,2019,0.12
RE1,PWRCOA001,2020,0.12
RE1,PWRCOA001,2021,0.12
RE1,PWRCOA001,2022,0.12
RE1,PWRCOA001,2023,0.12
RE1,PWRCOA001,2024,0.12
RE1,PWRCOA001,2025,0.12
RE1,PWRCOA001,2026,0.12
RE1,PWRCOA001,2067,0.0286
RE1,PWRCOA001,2068,0.1141
RE1,PWRCOA001,2069,0.1413
RE1,PWRCOA001,2070,0.1413
RE1,PWROHC001,2015,0.06
RE1,PWROHC001,2016,0.06
RE1,PWROHC001,2017,0.06
RE1,PWROHC001,2018,0.06
RE1,PWROHC001,2019,0.06
RE1,PWROHC001,2020,0.06
RE1,PWROHC001,2021,0.06
RE1,PWROHC001,2022,0.06
RE1,PWROHC001,2023,0.06
RE1,PWROHC001,2024,0.06
RE1,PWROHC001,2025,0.06
RE1,PWRNGS001,2024,0.092
RE1,PWRNGS001,2025,0.1003
RE1,PWRNGS001,2026,0.1949
RE1,PWRNGS001,2027,0.3876
RE1,PWRNGS001,2028,0.4301
RE1,PWRNGS001,2029,0.6921
RE1,PWRNGS001,2030,0.7717
RE1,PWRNGS001,2031,0.9534
RE1,PWRNGS001,2032,1.2251
RE1,PWRNGS001,2033,1.3095
RE1,PWRNGS001,2034,1.3851
RE1,PWRNGS001,2035,1.3851
RE1,PWRNGS001,2036,1.4425
RE1,PWRNGS001,2037,1.5306
RE1,PWRNGS001,2038,1.5306
RE1,PWRNGS001,2039,1.5306
RE1,PWRNGS001,2040,1.5306
RE1,PWRNGS001,2041,1.5306
RE1,PWRNGS001,2042,1.5306
RE1,PWRNGS001,2043,1.5306
RE1,PWRNGS001,2044,1.5306
RE1,PWRNGS001,2045,1.5306
RE1,PWRNGS001,2046,1.5306
RE1,PWRNGS001,2047,1.7897
RE1,PWRNGS001,2048,2.168
RE1,PWRNGS001,2049,2.555
RE1,PWRNGS001,2050,3.5735
RE1,PWRNGS001,2051,3.8485
RE1,PWRNGS001,2052,3.9952
RE1,PWRNGS001,2053,4.1483
RE1,PWRNGS001,2054,4.3051
RE1,PWRNGS001,2055,4.4657
RE1,PWRNGS001,2056,4.6301
RE1,PWRNGS001,2057,4.7986
RE1,PWRNGS001,2058,4.7561
RE1,PWRNGS001,2059,4.6967
RE1,PWRNGS001,2060,4.721
RE1,PWRNGS001,2061,4.5394
RE1,PWRNGS001,2062,4.3626
RE1,PWRNGS001,2063,4.2781
RE1,PWRNGS001,2064,4.2025
RE1,PWRNGS001,2065,4.2025
RE1,PWRNGS001,2066,4.3773
RE1,PWRNGS001,2067,4.5805
RE1,PWRNGS001,2068,4.7536
RE1,PWRNGS001,2069,4.7536
RE1,PWRNGS001,2070,4.7536
RE1,PWRSOL001,2015,0.0274
RE1,PWRSOL001,2016,0.0274
RE1,PWRSOL001,2017,0.0274
RE1,PWRSOL001,2018,0.0274
RE1,PWRSOL001,2019,0.0274
RE1,PWRSOL001,2020,0.0274
RE1,PWRSOL001,2021,0.0774
RE1,PWRSOL001,2022,0.0774
RE1,PWRSOL001,2023,0.1
RE1,PWRSOL001,2024,0.125
RE1,PWRSOL001,2025,1.0583
RE1,PWRSOL001,2026,1.1146
RE1,PWRSOL001,2027,1.1741
RE1,PWRSOL001,2028,1.2369
RE1,PWRSOL001,2029,1.3034
RE1,PWRSOL001,2030,1.3737
RE1,PWRSOL001,2031,1.4273
RE1,PWRSOL001,2032,1.4857
RE1,PWRSOL001,2033,1.5491
RE1,PWRSOL001,2034,1.6176
RE1,PWRSOL001,2035,1.7682
RE1,PWRSOL001,2036,1.8755
RE1,PWRSOL001,2037,1.9898
RE1,PWRSOL001,2038,2.1117
RE1,PWRSOL001,2039,2.2417
RE1,PWRSOL001,2040,2.3806
RE1,PWRSOL001,2041,2.4976
RE1,PWRSOL001,2042,2.6207
RE1,PWRSOL001,2043,2.7505
RE1,PWRSOL001,2044,2.8872
RE1,PWRSOL001,2045,3.0312
RE1,PWRSOL001,2046,3.1695
RE1,PWRSOL001,2047,3.3157
RE1,PWRSOL001,2048,3.4702
RE1,PWRSOL001,2049,3.6334
RE1,PWRSOL001,2050,4.9233
RE1,PWRSOL001,2051,5.0525
RE1,PWRSOL001,2052,5.1856
RE1,PWRSOL001,2053,5.3225
RE1,PWRSOL001,2054,5.4634
RE1,PWRSOL001,2055,5.6085
RE1,PWRSOL001,2056,5.7579
RE1,PWRSOL001,2057,5.9116
RE1,PWRSOL001,2058,6.0699
RE1,PWRSOL001,2059,6.2329
RE1,PWRSOL001,2060,6.4007
RE1,PWRSOL001,2061,6.5248
RE1,PWRSOL001,2062,6.6514
RE1,PWRSOL001,2063,6.7807
RE1,PWRSOL001,2064,6.9127
RE1,PWRSOL001,2065,7.0474
RE1,PWRSOL001,2066,7.185
RE1,PWRSOL001,2067,7.3255
RE1,PWRSOL001,2068,7.469
RE1,PWRSOL001,2069,7.6155
RE1,PWRSOL001,2070,9.8977
RE1,PWRHYD001,2015,0.24
RE1,PWRHYD001,2016,0.24
RE1,PWRHYD001,2017,0.24
RE1,PWRHYD001,2018,0.24
RE1,PWRHYD001,2019,0.24
RE1,PWRHYD001,2020,0.24
RE1,PWRHYD001,2021,0.24
RE1,PWRHYD001,2022,0.4337
RE1,PWRHYD001,2023,0.4337
RE1,PWRHYD001,2024,0.4337
RE1,PWRHYD001,2025,0.4337
RE1,PWRHYD001,2026,0.4337
RE1,PWRHYD001,2027,0.4337
RE1,PWRHYD001,2028,0.4337
RE1,PWRHYD001,2029,0.4337
RE1,PWRHYD001,2030,0.4337
RE1,PWRHYD001,2031,0.4337
RE1,PWRHYD001,2032,0.4337
RE1,PWRHYD001,2033,0.4337
RE1,PWRHYD001,2034,0.4337
RE1,PWRHYD001,2035,0.4337
RE1,PWRHYD001,2036,0.4337
RE1,PWRHYD001,2037,0.4337
RE1,PWRHYD001,2038,0.4337
RE1,PWRHYD001,2039,0.4337
RE1,PWRHYD001,2040,0.4337
RE1,PWRHYD001,2041,0.4337
RE1,PWRHYD001,2042,0.4337
RE1,PWRHYD001,2043,0.4337
RE1,PWRHYD001,2044,0.4337
RE1,PWRHYD001,2045,0.4337
RE1,PWRHYD001,2046,0.4337
RE1,PWRHYD001,2047,0.4337
RE1,PWRHYD001,2048,0.4337
RE1,PWRHYD001,2049,0.4337
RE1,PWRHYD001,2050,0.4337
RE1,PWRHYD001,2051,0.4337
RE1,PWRHYD001,2052,0.4337
RE1,PWRHYD001,2053,0.4337
RE1,PWRHYD001,2054,0.4337
RE1,PWRHYD001,2055,0.4337
RE1,PWRHYD001,2056,0.4337
RE1,PWRHYD001,2057,0.4337
RE1,PWRHYD001,2058,0.4337
RE1,PWRHYD001,2059,0.4337
RE1,PWRHYD001,2060,0.4337
RE1,PWRHYD001,2061,0.4337
RE1,PWRHYD001,2062,0.4337
RE1,PWRHYD001,2063,0.4337
RE1,PWRHYD001,2064,0.4337
RE1,PWRHYD001,2065,0.4337
RE1,PWRHYD001,2066,0.4337
RE1,PWRHYD001,2067,0.4337
RE1,PWRHYD001,2068,0.4337
RE1,PWRHYD001,2069,0.4337
RE1,PWRHYD001,2070,0.4337
RE1,PWRHYD002,2015,0.092
RE1,PWRHYD002,2016,0.092
RE1,PWRHYD002,2017,0.092
RE1,PWRHYD002,2018,0.092
RE1,PWRHYD002,2019,0.092
RE1,PWRHYD002,2020,0.092
RE1,PWRHYD002,2021,0.1663
RE1,PWRHYD002,2022,0.1663
RE1,PWRHYD002,2023,0.1663
RE1,PWRHYD002,2024,0.1663
RE1,PWRHYD002,2025,0.1663
RE1,PWRHYD002,2026,0.1663
RE1,PWRHYD002,2027,0.1663
RE1,PWRHYD002,2028,0.1663
RE1,PWRHYD002,2029,0.1663
RE1,PWRHYD002,2030,0.1663
RE1,PWRHYD002,2031,0.1663
RE1,PWRHYD002,2032,0.1663
RE1,PWRHYD002,2033,0.1663
RE1,PWRHYD002,2034,0.1663
RE1,PWRHYD002,2035,0.1663
RE1,PWRHYD002,2036,0.1663
RE1,PWRHYD002,2037,0.1663
RE1,PWRHYD002,2038,0.1663
RE1,PWRHYD002,2039,0.1663
RE1,PWRHYD002,2040,0.1663
RE1,PWRHYD002,2041,0.1663
RE1,PWRHYD002,2042,0.1663
RE1,PWRHYD002,2043,0.1663
RE1,PWRHYD002,2044,0.1663
RE1,PWRHYD002,2045,0.1663
RE1,PWRHYD002,2046,0.1663
RE1,PWRHYD002,2047,0.1663
RE1,PWRHYD002,2048,0.1663
RE1,PWRHYD002,2049,0.1663
RE1,PWRHYD002,2050,0.1663
RE1,PWRHYD002,2051,0.1663
RE1,PWRHYD002,2052,0.1663
RE1,PWRHYD002,2053,0.1663
RE1,PWRHYD002,2054,0.1663
RE1,PWRHYD002,2055,0.1663
RE1,PWRHYD002,2056,0.1663
RE1,PWRHYD002,2057,0.1663
RE1,PWRHYD002,2058,0.1663
RE1,PWRHYD002,2059,0.1663
RE1,PWRHYD002,2060,0.1663
RE1,PWRHYD002,2061,0.1663
RE1,PWRHYD002,2062,0.1663
RE1,PWRHYD002,2063,0.1663
RE1,PWRHYD002,2064,0.1663
RE1,PWRHYD002,2065,0.1663
RE1,PWRHYD002,2066,0.1663
RE1,PWRHYD002,2067,0.1663
RE1,PWRHYD002,2068,0.1663
RE1,PWRHYD002,2069,0.1663
RE1,PWRHYD002,2070,0.1663
RE1,PWRHYD003,2021,0.003
RE1,PWRHYD003,2022,0.108
RE1,PWRHYD003,2023,0.108
RE1,PWRHYD003,2024,0.108
RE1,PWRHYD003,2025,0.108
RE1,PWRHYD003,2026,0.108
RE1,PWRHYD003,2027,0.108
RE1,PWRHYD003,2028,0.108
RE1,PWRHYD003,2029,0.108
RE1,PWRHYD003,2030,0.108
RE1,PWRHYD003,2031,0.108
RE1,PWRHYD003,2032,0.108
RE1,PWRHYD003,2033,0.108
RE1,PWRHYD003,2034,0.108
RE1,PWRHYD003,2035,0.108
RE1,PWRHYD003,2036,0.108
RE1,PWRHYD003,2037,0.108
RE1,PWRHYD003,2038,0.108
RE1,PWRHYD003,2039,0.108
RE1,PWRHYD003,2040,0.108
RE1,PWRHYD003,2041,0.108
RE1,PWRHYD003,2042,0.108
RE1,PWRHYD003,2043,0.108
RE1,PWRHYD003,2044,0.108
RE1,PWRHYD003,2045,0.108
RE1,PWRHYD003,2046,0.108
RE1,PWRHYD003,2047,0.108
RE1,PWRHYD003,2048,0.108
RE1,PWRHYD003,2049,0.108
RE1,PWRHYD003,2050,0.108
RE1,PWRHYD003,2051,0.108
RE1,PWRHYD003,2052,0.108
RE1,PWRHYD003,2053,0.108
RE1,PWRHYD003,2054,0.108
RE1,PWRHYD003,2055,0.108
RE1,PWRHYD003,2056,0.108
RE1,PWRHYD003,2057,0.108
RE1,PWRHYD003,2058,0.108
RE1,PWRHYD003,2059,0.108
RE1,PWRHYD003,2060,0.108
RE1,PWRHYD003,2061,0.108
RE1,PWRHYD003,2062,0.108
RE1,PWRHYD003,2063,0.108
RE1,PWRHYD003,2064,0.108
RE1,PWRHYD003,2065,0.108
RE1,PWRHYD003,2066,0.108
RE1,PWRHYD003,2067,0.108
RE1,PWRHYD003,2068,0.108
RE1,PWRHYD003,2069,0.108
RE1,PWRHYD003,2070,0.108
RE1,PWRWND001,2024,0.005
RE1,PWRWND001,2025,0.005
RE1,PWRWND001,2026,0.05
RE1,PWRWND001,2027,0.05
RE1,PWRWND001,2028,0.05
RE1,PWRWND001,2029,0.05
RE1,PWRWND001,2030,0.05
RE1,PWRWND001,2031,0.05
RE1,PWRWND001,2032,0.05
RE1,PWRWND001,2035,2.3758
RE1,PWRWND001,2036,2.5198
RE1,PWRWND001,2037,2.6734
RE1,PWRWND001,2038,2.8372
RE1,PWRWND001,2039,3.0119
RE1,PWRWND001,2040,3.0119
RE1,PWRWND001,2041,3.0119
RE1,PWRWND001,2042,3.0119
RE1,PWRWND001,2043,3.0119
RE1,PWRWND001,2044,3.1628
RE1,PWRWND001,2045,4.0727
RE1,PWRWND001,2046,4.0727
RE1,PWRWND001,2047,4.4549
RE1,PWRWND001,2048,4.6624
RE1,PWRWND001,2049,4.8818
RE1,PWRWND001,2050,6.6148
RE1,PWRWND001,2051,6.7884
RE1,PWRWND001,2052,6.9672
RE1,PWRWND001,2053,7.1512
RE1,PWRWND001,2054,7.3405
RE1,PWRWND001,2055,7.5355
RE1,PWRWND001,2056,7.7361
RE1,PWRWND001,2057,7.9427
RE1,PWRWND001,2058,8.1554
RE1,PWRWND001,2059,8.3743
RE1,PWRWND001,2060,8.5998
RE1,PWRWND001,2061,8.7665
RE1,PWRWND001,2062,8.6129
RE1,PWRWND001,2063,8.4492
RE1,PWRWND001,2064,8.2744
RE1,PWRWND001,2065,8.2744
RE1,PWRWND001,2066,8.2744
RE1,PWRWND001,2067,8.2744
RE1,PWRWND001,2068,8.2744
RE1,PWRWND001,2069,8.1235
RE1,PWRWND001,2070,7.2137
RE1,PWRSOL001S,2025,0.6425
RE1,PWRSOL001S,2026,0.6425
RE1,PWRSOL001S,2027,0.6425
RE1,PWRSOL001S,2028,1.0602
RE1,PWRSOL001S,2029,1.1172
RE1,PWRSOL001S,2030,1.1774
RE1,PWRSOL001S,2031,1.2234
RE1,PWRSOL001S,2032,1.2735
RE1,PWRSOL001S,2033,1.3278
RE1,PWRSOL001S,2034,1.3865
RE1,PWRSOL001S,2035,1.5156
RE1,PWRSOL001S,2036,1.6075
RE1,PWRSOL001S,2037,1.7055
RE1,PWRSOL001S,2038,1.81
RE1,PWRSOL001S,2039,1.9215
RE1,PWRSOL001S,2040,2.0405
RE1,PWRSOL001S,2041,2.1408
RE1,PWRSOL001S,2042,2.2463
RE1,PWRSOL001S,2043,2.3575
RE1,PWRSOL001S,2044,2.4747
RE1,PWRSOL001S,2045,2.5982
RE1,PWRSOL001S,2046,2.7167
RE1,PWRSOL001S,2047,2.842
RE1,PWRSOL001S,2048,2.9744
RE1,PWRSOL001S,2049,3.1143
RE1,PWRSOL001S,2050,4.2199
RE1,PWRSOL001S,2051,4.3307
RE1,PWRSOL001S,2052,4.4448
RE1,PWRSOL001S,2053,4.5621
RE1,PWRSOL001S,2054,4.6829
RE1,PWRSOL001S,2055,4.8073
RE1,PWRSOL001S,2056,4.9353
RE1,PWRSOL001S,2057,5.0671
RE1,PWRSOL001S,2058,5.2028
RE1,PWRSOL001S,2059,5.3425
RE1,PWRSOL001S,2060,5.4863
RE1,PWRSOL001S,2061,5.5927
RE1,PWRSOL001S,2062,5.7012
RE1,PWRSOL001S,2063,5.812
RE1,PWRSOL001S,2064,5.9252
RE1,PWRSOL001S,2065,6.0407
RE1,PWRSOL001S,2066,6.1586
RE1,PWRSOL001S,2067,6.279
RE1,PWRSOL001S,2068,6.402
RE1,PWRSOL001S,2069,6.5276
RE1,PWRSOL001S,2070,8.5551
RE1,PWRWND001S,2051,2.8232
RE1,PWRWND001S,2052,4.0135
RE1,PWRWND001S,2053,5.1865
RE1,PWRWND001S,2054,6.3562
RE1,PWRWND001S,2055,7.5226
RE1,PWRWND001S,2056,8.6856
RE1,PWRWND001S,2057,9.8452
RE1,PWRWND001S,2058,10.6684
RE1,PWRWND001S,2059,11.6584
RE1,PWRWND001S,2060,11.6584
RE1,PWRWND001S,2061,12.5882
RE1,PWRWND001S,2062,13.9252
RE1,PWRWND001S,2063,14.6731
RE1,PWRWND001S,2064,15.4058
RE1,PWRWND001S,2065,15.4277
RE1,PWRWND001S,2066,16.0894
RE1,PWRWND001S,2067,16.4041
RE1,PWRWND001S,2068,16.7253
RE1,PWRWND001S,2069,17.0534
RE1,PWRWND001S,2070,17.0534
RE1,PWRTRNIMP,2015,0.3826
RE1,PWRTRNIMP,2016,0.4488
RE1,PWRTRNIMP,2017,0.4279
RE1,PWRTRNIMP,2018,0.5014
RE1,PWRTRNIMP,2019,0.5022
RE1,PWRTRNIMP,2020,0.4937
RE1,PWRTRNIMP,2021,0.4771
RE1,PWRTRNIMP,2022,0.5272
RE1,PWRTRNIMP,2023,0.5284
RE1,PWRTRNIMP,2024,0.5295
RE1,PWRTRNIMP,2025,0.657
RE1,PWRTRNIMP,2026,0.6765
RE1,PWRTRNIMP,2027,0.6804
RE1,PWRTRNIMP,2028,0.6825
RE1,PWRTRNIMP,2029,0.5283
RE1,PWRTRNIMP,2030,0.5328
RE1,PWRTRNIMP,2031,0.5596
RE1,PWRTRNIMP,2032,0.3479
RE1,PWRTRNIMP,2033,0.3522
RE1,PWRTRNIMP,2034,0.3296
RE1,PWRTRN,2015,0.5803
RE1,PWRTRN,2016,0.62
RE1,PWRTRN,2017,0.6417
RE1,PWRTRN,2018,0.6579
RE1,PWRTRN,2019,0.6579
RE1,PWRTRN,2020,0.6579
RE1,PWRTRN,2021,0.743
RE1,PWRTRN,2022,1.035
RE1,PWRTRN,2023,1.2822
RE1,PWRTRN,2024,1.5321
RE1,PWRTRN,2025,1.8307
RE1,PWRTRN,2026,1.8635
RE1,PWRTRN,2027,1.9576
RE1,PWRTRN,2028,2.0568
RE1,PWRTRN,2029,2.1614
RE1,PWRTRN,2030,2.2718
RE1,PWRTRN,2031,2.4112
RE1,PWRTRN,2032,2.4584
RE1,PWRTRN,2033,2.5551
RE1,PWRTRN,2034,2.6639
RE1,PWRTRN,2035,2.9088
RE1,PWRTRN,2036,3.1142
RE1,PWRTRN,2037,3.3085
RE1,PWRTRN,2038,3.5935
RE1,PWRTRN,2039,3.5935
RE1,PWRTRN,2040,3.7306
RE1,PWRTRN,2041,3.8672
RE1,PWRTRN,2042,4.011
RE1,PWRTRN,2043,4.1641
RE1,PWRTRN,2044,4.3445
RE1,PWRTRN,2045,4.5876
RE1,PWRTRN,2046,4.7176
RE1,PWRTRN,2047,5.0212
RE1,PWRTRN,2048,5.2306
RE1,PWRTRN,2049,5.4519
RE1,PWRTRN,2050,7.2007
RE1,PWRTRN,2051,7.8105
RE1,PWRTRN,2052,8.2128
RE1,PWRTRN,2053,8.6204
RE1,PWRTRN,2054,9.0335
RE1,PWRTRN,2055,9.4523
RE1,PWRTRN,2056,9.8771
RE1,PWRTRN,2057,10.3079
RE1,PWRTRN,2058,10.5338
RE1,PWRTRN,2059,10.7767
RE1,PWRTRN,2060,10.9984
RE1,PWRTRN,2061,11.3097
RE1,PWRTRN,2062,11.644
RE1,PWRTRN,2063,11.8893
RE1,PWRTRN,2064,12.134
RE1,PWRTRN,2065,12.2959
RE1,PWRTRN,2066,12.5596
RE1,PWRTRN,2067,12.8012
RE1,PWRTRN,2068,13.0827
RE1,PWRTRN,2069,13.7742
RE1,PWRTRN,2070,13.7742
RE1,PWRDIST,2015,0.5629
RE1,PWRDIST,2016,0.6014
RE1,PWRDIST,2017,0.6225
RE1,PWRDIST,2018,0.6382
RE1,PWRDIST,2019,0.6382
RE1,PWRDIST,2020,0.6382
RE1,PWRDIST,2021,0.7207
RE1,PWRDIST,2022,1.004
RE1,PWRDIST,2023,1.2437
RE1,PWRDIST,2024,1.4862
RE1,PWRDIST,2025,1.7758
RE1,PWRDIST,2026,1.8076
RE1,PWRDIST,2027,1.8989
RE1,PWRDIST,2028,1.9951
RE1,PWRDIST,2029,2.0966
RE1,PWRDIST,2030,2.2036
RE1,PWRDIST,2031,2.3389
RE1,PWRDIST,2032,2.3846
RE1,PWRDIST,2033,2.4785
RE1,PWRDIST,2034,2.584
RE1,PWRDIST,2035,2.8215
RE1,PWRDIST,2036,3.0207
RE1,PWRDIST,2037,3.2093
RE1,PWRDIST,2038,3.4857
RE1,PWRDIST,2039,3.4857
RE1,PWRDIST,2040,3.6186
RE1,PWRDIST,2041,3.7511
RE1,PWRDIST,2042,3.8906
RE1,PWRDIST,2043,4.0391
RE1,PWRDIST,2044,4.2142
RE1,PWRDIST,2045,4.45
RE1,PWRDIST,2046,4.5761
RE1,PWRDIST,2047,4.8705
RE1,PWRDIST,2048,5.0737
RE1,PWRDIST,2049,5.2884
RE1,PWRDIST,2050,6.9847
RE1,PWRDIST,2051,7.5762
RE1,PWRDIST,2052,7.9664
RE1,PWRDIST,2053,8.3617
RE1,PWRDIST,2054,8.7625
RE1,PWRDIST,2055,9.1688
RE1,PWRDIST,2056,9.5808
RE1,PWRDIST,2057,9.9987
RE1,PWRDIST,2058,10.2178
RE1,PWRDIST,2059,10.4534
RE1,PWRDIST,2060,10.6684
RE1,PWRDIST,2061,10.9704
RE1,PWRDIST,2062,11.2946
RE1,PWRDIST,2063,11.5326
RE1,PWRDIST,2064,11.77
RE1,PWRDIST,2065,11.927
RE1,PWRDIST,2066,12.1828
RE1,PWRDIST,2067,12.4172
RE1,PWRDIST,2068,12.6902
RE1,PWRDIST,2069,13.3609
RE1,PWRDIST,2070,13.3609
RE1,PWRSOL002,2015,0.0142
RE1,PWRSOL002,2016,0.0142
RE1,PWRSOL002,2017,0.0142
RE1,PWRSOL002,2018,0.0219
RE1,PWRSOL002,2019,0.0239
RE1,PWRSOL002,2020,0.0239
RE1,PWRSOL002,2021,0.0239
RE1,PWRSOL002,2022,0.0239
RE1,PWRSOL002,2023,0.0239
RE1,PWRSOL002,2024,0.0229
RE1,PWRSOL002,2025,0.0227
RE1,PWRSOL002,2026,0.0224
RE1,PWRSOL002,2027,0.0223
RE1,PWRSOL002,2028,0.0223
RE1,PWRSOL002,2029,0.0223
RE1,PWRSOL002,2030,0.022
RE1,PWRSOL002,2031,0.0214
RE1,PWRSOL002,2032,0.0209
RE1,PWRSOL002,2033,0.0202
RE1,PWRSOL002,2034,0.0197
RE1,PWRSOL002,2035,0.0165
RE1,PWRSOL002,2036,0.0132
RE1,PWRSOL002,2037,0.0105
RE1,PWRSOL002,2038,0.0097
RE1,PWRSOL002,2039,0.5857
RE1,PWRSOL002,2040,1.3642
RE1,PWRSOL002,2041,1.7362
RE1,PWRSOL002,2042,2.0593
RE1,PWRSOL002,2043,2.4044
RE1,PWRSOL002,2044,2.6673
RE1,PWRSOL002,2045,2.6673
RE1,PWRSOL002,2046,4.0993
RE1,PWRSOL002,2047,4.2741
RE1,PWRSOL002,2048,4.6817
RE1,PWRSOL002,2049,5.0894
RE1,PWRSOL002,2050,5.0894
RE1,PWRSOL002,2051,5.3262
RE1,PWRSOL002,2052,5.3262
RE1,PWRSOL002,2053,5.3262
RE1,PWRSOL002,2054,5.3262
RE1,PWRSOL002,2055,5.3262
RE1,PWRSOL002,2056,5.3262
RE1,PWRSOL002,2057,5.3262
RE1,PWRSOL002,2058,5.3921
RE1,PWRSOL002,2059,5.3921
RE1,PWRSOL002,2060,5.786
RE1,PWRSOL002,2061,5.8472
RE1,PWRSOL002,2062,5.8472
RE1,PWRSOL002,2063,6.0607
RE1,PWRSOL002,2064,6.2823
RE1,PWRSOL002,2065,6.7127
RE1,PWRSOL002,2066,6.4755
RE1,PWRSOL002,2067,6.298
RE1,PWRSOL002,2068,6.0351
RE1,PWRSOL002,2069,6.0351
RE1,PWRSOL002,2070,4.6031
RE1,PWRHYD004,2021,0.012
RE1,PWRHYD004,2022,0.012
RE1,PWRHYD004,2023,0.012
RE1,PWRHYD004,2024,0.012
RE1,PWRHYD004,2025,0.012
RE1,PWRHYD004,2026,0.012
RE1,PWRHYD004,2027,0.012
RE1,PWRHYD004,2028,0.012
RE1,PWRHYD004,2029,0.012
RE1,PWRHYD004,2030,0.012
RE1,PWRHYD004,2031,0.012
RE1,PWRHYD004,2032,0.012
RE1,PWRHYD004,2033,0.012
RE1,PWRHYD004,2034,0.012
RE1,PWRHYD004,2035,0.012
RE1,PWRHYD004,2036,0.012
RE1,PWRHYD004,2037,0.012
RE1,PWRHYD004,2038,0.012
RE1,PWRHYD004,2039,0.012
RE1,PWRHYD004,2040,0.012
RE1,PWRHYD004,2041,0.012
RE1,PWRHYD004,2042,0.012
RE1,PWRHYD004,2043,0.012
RE1,PWRHYD004,2044,0.012
RE1,PWRHYD004,2045,0.012
RE1,PWRHYD004,2046,0.012
RE1,PWRHYD004,2047,0.012
RE1,PWRHYD004,2048,0.012
RE1,PWRHYD004,2049,0.012
RE1,PWRHYD004,2050,0.012
RE1,PWRHYD004,2051,0.012
RE1,PWRHYD004,2052,0.012
RE1,PWRHYD004,2053,0.012
RE1,PWRHYD004,2054,0.012
RE1,PWRHYD004,2055,0.012
RE1,PWRHYD004,2056,0.012
RE1,PWRHYD004,2057,0.012
RE1,PWRHYD004,2058,0.012
RE1,PWRHYD004,2059,0.012
RE1,PWRHYD004,2060,0.012
RE1,PWRHYD004,2061,0.012
RE1,PWRHYD004,2062,0.012
RE1,PWRHYD004,2063,0.012
RE1,PWRHYD004,2064,0.012
RE1,PWRHYD004,2065,0.012
RE1,PWRHYD004,2066,0.012
RE1,PWRHYD004,2067,0.012
RE1,PWRHYD004,2068,0.012
RE1,PWRHYD004,2069,0.012
RE1,PWRHYD004,2070,0.012
RE1,PWRTRNEXP,2015,0.011
RE1,PWRTRNEXP,2016,0.0123
RE1,PWRTRNEXP,2017,0.0125
RE1,PWRTRNEXP,2018,0.0142
RE1,PWRTRNEXP,2019,0.0142
RE1,PWRTRNEXP,2020,0.0142
RE1,PWRTRNEXP,2021,0.0142
RE1,PWRTRNEXP,2022,0.0142
RE1,PWRTRNEXP,2023,0.0142
RE1,PWRTRNEXP,2024,0.0142
RE1,PWRTRNEXP,2025,0.0497
RE1,PWRTRNEXP,2026,0.0476
RE1,PWRTRNEXP,2027,0.0257
RE1,PWRTRNEXP,2028,0.0248
RE1,PWRTRNEXP,2029,0.0248
RE1,PWRTRNEXP,2030,0.0248
RE1,PWRTRNEXP,2031,0.0248
RE1,PWRTRNEXP,2032,0.0248
RE1,PWRTRNEXP,2033,0.0248
RE1,PWRTRNEXP,2034,0.0248
RE1,PWRTRNEXP,2035,0.0373
RE1,PWRTRNEXP,2036,0.0248
RE1,PWRTRNEXP,2037,0.0248
RE1,PWRTRNEXP,2038,0.0248
RE1,PWRTRNEXP,2039,0.0475
RE1,PWRTRNEXP,2040,0.0822
RE1,PWRTRNEXP,2041,0.0904
RE1,PWRTRNEXP,2042,0.099
RE1,PWRTRNEXP,2043,0.0953
RE1,PWRTRNEXP,2044,0.0994
RE1,PWRTRNEXP,2045,0.0994
RE1,PWRTRNEXP,2046,0.0994
RE1,PWRTRNEXP,2047,0.0994
RE1,PWRTRNEXP,2048,0.0994
RE1,PWRTRNEXP,2049,0.0994
RE1,PWRTRNEXP,2050,0.0994
RE1,PWRTRNEXP,2051,0.0994
RE1,PWRTRNEXP,2052,0.0994
RE1,PWRTRNEXP,2053,0.0994
RE1,PWRTRNEXP,2054,0.0994
RE1,PWRTRNEXP,2055,0.0994
RE1,PWRTRNEXP,2056,0.0994
RE1,PWRTRNEXP,2057,0.0994
RE1,PWRTRNEXP,2058,0.0994
RE1,PWRTRNEXP,2059,0.0994
RE1,PWRTRNEXP,2060,0.0994
RE1,PWRTRNEXP,2061,0.0994
RE1,PWRTRNEXP,2062,0.0994
RE1,PWRTRNEXP,2063,0.0994
RE1,PWRTRNEXP,2064,0.0994
RE1,PWRTRNEXP,2065,0.0994
RE1,PWRTRNEXP,2066,0.0994
RE1,PWRTRNEXP,2067,0.0534
RE1,PWRTRNEXP,2068,0.0598
RE1,PWRTRNEXP,2069,0.0817
RE1,PWRTRNEXP,2070,0.0994
RE1,DEMTRAEVC,2021,0.1639
RE1,DEMTRAEVC,2022,0.3279
RE1,DEMTRAEVC,2023,0.4918
RE1,DEMTRAEVC,2024,0.6558
RE1,DEMTRAEVC,2025,0.8197
RE1,DEMTRAEVC,2026,0.8904
RE1,DEMTRAEVC,2027,0.9231
RE1,DEMTRAEVC,2028,0.9569
RE1,DEMTRAEVC,2029,0.9919
RE1,DEMTRAEVC,2030,1.0282
RE1,DEMTRAEVC,2031,1.0759
RE1,DEMTRAEVC,2032,1.1574
RE1,DEMTRAEVC,2033,1.1835
RE1,DEMTRAEVC,2034,1.2152
RE1,DEMTRAEVC,2035,1.3553
RE1,DEMTRAEVC,2036,1.3879
RE1,DEMTRAEVC,2037,1.4548
RE1,DEMTRAEVC,2038,1.5904
RE1,DEMTRAEVC,2039,1.6904
RE1,DEMTRAEVC,2040,1.7317
RE1,DEMTRAEVC,2041,1.8249
RE1,DEMTRAEVC,2042,1.9562
RE1,DEMTRAEVC,2043,2.0863
RE1,DEMTRAEVC,2044,2.2152
RE1,DEMTRAEVC,2045,2.3429
RE1,DEMTRAEVC,2046,2.6186
RE1,DEMTRAEVC,2047,2.7782
RE1,DEMTRAEVC,2048,2.9377
RE1,DEMTRAEVC,2049,3.0973
RE1,DEMTRAEVC,2050,4.3508
RE1,DEMTRAEVC,2051,4.8385
RE1,DEMTRAEVC,2052,5.0215
RE1,DEMTRAEVC,2053,5.2048
RE1,DEMTRAEVC,2054,5.3885
RE1,DEMTRAEVC,2055,5.5726
RE1,DEMTRAEVC,2056,5.7571
RE1,DEMTRAEVC,2057,5.942
RE1,DEMTRAEVC,2058,6.1273
RE1,DEMTRAEVC,2059,6.3131
RE1,DEMTRAEVC,2060,6.4993
RE1,DEMTRAEVC,2061,6.6803
RE1,DEMTRAEVC,2062,6.8616
RE1,DEMTRAEVC,2063,7.0432
RE1,DEMTRAEVC,2064,7.2251
RE1,DEMTRAEVC,2065,7.4073
RE1,DEMTRAEVC,2066,7.4302
RE1,DEMTRAEVC,2067,7.4535
RE1,DEMTRAEVC,2068,7.477
RE1,DEMTRAEVC,2069,7.5009
RE1,DEMTRAEVC,2070,7.5251
RE1,DEMTRAMCYELC,2021,0.1477
RE1,DEMTRAMCYELC,2022,0.2954
RE1,DEMTRAMCYELC,2023,0.4431
RE1,DEMTRAMCYELC,2024,0.5908
RE1,DEMTRAMCYELC,2025,0.7385
RE1,DEMTRAMCYELC,2026,0.8022
RE1,DEMTRAMCYELC,2027,0.8316
RE1,DEMTRAMCYELC,2028,0.8621
RE1,DEMTRAMCYELC,2029,0.8936
RE1,DEMTRAMCYELC,2030,0.9263
RE1,DEMTRAMCYELC,2031,0.9693
RE1,DEMTRAMCYELC,2032,1.117
RE1,DEMTRAMCYELC,2033,1.2647
RE1,DEMTRAMCYELC,2034,1.4124
RE1,DEMTRAMCYELC,2035,1.5601
RE1,DEMTRAMCYELC,2036,1.5601
RE1,DEMTRAMCYELC,2037,1.5601
RE1,DEMTRAMCYELC,2038,1.5601
RE1,DEMTRAMCYELC,2039,1.5601
RE1,DEMTRAMCYELC,2040,1.5601
RE1,DEMTRAMCYELC,2041,1.6441
RE1,DEMTRAMCYELC,2042,1.7623
RE1,DEMTRAMCYELC,2043,1.8795
RE1,DEMTRAMCYELC,2044,1.9957
RE1,DEMTRAMCYELC,2045,2.1107
RE1,DEMTRAMCYELC,2046,2.2154
RE1,DEMTRAMCYELC,2047,2.2154
RE1,DEMTRAMCYELC,2048,2.2154
RE1,DEMTRAMCYELC,2049,2.2154
RE1,DEMTRAMCYELC,2050,2.2154
RE1,DEMTRAMCYELC,2051,2.2154
RE1,DEMTRAMCYELC,2052,2.2154
RE1,DEMTRAMCYELC,2053,2.2154
RE1,DEMTRAMCYELC,2054,2.2154
RE1,DEMTRAMCYELC,2055,2.2154
RE1,DEMTRAMCYELC,2056,2.2154
RE1,DEMTRAMCYELC,2057,2.2154
RE1,DEMTRAMCYELC,2058,2.2154
RE1,DEMTRAMCYELC,2059,2.2154
RE1,DEMTRAMCYELC,2060,2.2154
RE1,DEMTRAMCYELC,2061,2.2154
RE1,DEMTRAMCYELC,2062,2.2154
RE1,DEMTRAMCYELC,2063,2.2154
RE1,DEMTRAMCYELC,2064,2.2154
RE1,DEMTRAMCYELC,2065,2.2154
RE1,DEMTRAMCYELC,2066,2.2154
RE1,DEMTRAMCYELC,2067,2.2154
RE1,DEMTRAMCYELC,2068,2.2154
RE1,DEMTRAMCYELC,2069,2.2154
RE1,DEMTRAMCYELC,2070,2.2154
RE1,DEMTRACARELC,2046,0.1437
RE1,DEMTRACARELC,2047,0.2875
RE1,DEMTRACARELC,2048,0.4312
RE1,DEMTRACARELC,2049,0.5749
RE1,DEMTRACARELC,2050,0.7186
RE1,DEMTRACARELC,2051,0.8624
RE1,DEMTRACARELC,2052,1.0061
RE1,DEMTRACARELC,2053,1.1498
RE1,DEMTRACARELC,2054,1.2936
RE1,DEMTRACARELC,2055,1.4373
RE1,DEMTRACARELC,2056,1.581
RE1,DEMTRACARELC,2057,1.7248
RE1,DEMTRACARELC,2058,1.8685
RE1,DEMTRACARELC,2059,2.0122
RE1,DEMTRACARELC,2060,2.1559
RE1,DEMTRACARELC,2061,2.2997
RE1,DEMTRACARELC,2062,2.4434
RE1,DEMTRACARELC,2063,2.5871
RE1,DEMTRACARELC,2064,2.7309
RE1,DEMTRACARELC,2065,2.8746
RE1,DEMTRACARELC,2066,2.8746
RE1,DEMTRACARELC,2067,2.8746
RE1,DEMTRACARELC,2068,2.8746
RE1,DEMTRACARELC,2069,2.8746
RE1,DEMTRACARELC,2070,2.8746
RE1,DEMTRABUSELC,2050,0.9856
RE1,DEMTRABUSELC,2051,1.2813
RE1,DEMTRABUSELC,2052,1.3023
RE1,DEMTRABUSELC,2053,1.3238
RE1,DEMTRABUSELC,2054,1.3455
RE1,DEMTRABUSELC,2055,1.3677
RE1,DEMTRABUSELC,2056,1.3902
RE1,DEMTRABUSELC,2057,1.413
RE1,DEMTRABUSELC,2058,1.4362
RE1,DEMTRABUSELC,2059,1.4598
RE1,DEMTRABUSELC,2060,1.4838
RE1,DEMTRABUSELC,2061,1.5032
RE1,DEMTRABUSELC,2062,1.5228
RE1,DEMTRABUSELC,2063,1.5427
RE1,DEMTRABUSELC,2064,1.5628
RE1,DEMTRABUSELC,2065,1.5832
RE1,DEMTRABUSELC,2066,1.6039
RE1,DEMTRABUSELC,2067,1.6248
RE1,DEMTRABUSELC,2068,1.6461
RE1,DEMTRABUSELC,2069,1.6676
RE1,DEMTRABUSELC,2070,1.6894
RE1,DEMTRAMCYGSL,2015,0.4867
RE1,DEMTRAMCYGSL,2016,0.5127
RE1,DEMTRAMCYGSL,2017,0.5402
RE1,DEMTRAMCYGSL,2018,0.5691
RE1,DEMTRAMCYGSL,2019,0.5996
RE1,DEMTRAMCYGSL,2020,0.6317
RE1,DEMTRAMCYGSL,2021,0.6317
RE1,DEMTRAMCYGSL,2022,0.6317
RE1,DEMTRAMCYGSL,2023,0.6317
RE1,DEMTRAMCYGSL,2024,0.6317
RE1,DEMTRAMCYGSL,2025,0.6317
RE1,DEMTRAMCYGSL,2026,0.6317
RE1,DEMTRAMCYGSL,2027,0.6317
RE1,DEMTRAMCYGSL,2028,0.6317
RE1,DEMTRAMCYGSL,2029,0.6317
RE1,DEMTRAMCYGSL,2030,0.145
RE1,DEMTRAMCYGSL,2031,0.1189
RE1,DEMTRAMCYGSL,2032,0.0915
RE1,DEMTRAMCYGSL,2033,0.0626
RE1,DEMTRAMCYGSL,2034,0.0321
RE1,DEMTRACARGSL,2015,0.4867
RE1,DEMTRACARGSL,2016,0.7606
RE1,DEMTRACARGSL,2017,0.7606
RE1,DEMTRACARGSL,2018,0.7606
RE1,DEMTRACARGSL,2019,0.7606
RE1,DEMTRACARGSL,2020,0.7606
RE1,DEMTRACARGSL,2021,0.7606
RE1,DEMTRACARGSL,2022,0.7606
RE1,DEMTRACARGSL,2023,0.7606
RE1,DEMTRACARGSL,2024,0.7606
RE1,DEMTRACARGSL,2025,0.7606
RE1,DEMTRACARGSL,2026,0.8753
RE1,DEMTRACARGSL,2027,0.9892
RE1,DEMTRACARGSL,2028,1.1022
RE1,DEMTRACARGSL,2029,1.2143
RE1,DEMTRACARGSL,2030,1.3255
RE1,DEMTRACARGSL,2031,1.4439
RE1,DEMTRACARGSL,2032,1.5619
RE1,DEMTRACARGSL,2033,1.6794
RE1,DEMTRACARGSL,2034,1.7965
RE1,DEMTRACARGSL,2035,1.4265
RE1,DEMTRACARGSL,2036,1.2689
RE1,DEMTRACARGSL,2037,1.3847
RE1,DEMTRACARGSL,2038,1.3869
RE1,DEMTRACARGSL,2039,1.3869
RE1,DEMTRACARGSL,2040,1.3869
RE1,DEMTRACARGSL,2041,1.3869
RE1,DEMTRACARGSL,2042,1.3869
RE1,DEMTRACARGSL,2043,1.3869
RE1,DEMTRACARGSL,2044,1.3869
RE1,DEMTRACARGSL,2045,1.3869
RE1,DEMTRACARGSL,2046,1.2722
RE1,DEMTRACARGSL,2047,1.1583
RE1,DEMTRACARGSL,2048,1.0453
RE1,DEMTRACARGSL,2049,0.9332
RE1,DEMTRACARGSL,2050,0.822
RE1,DEMTRACARGSL,2051,0.7036
RE1,DEMTRACARGSL,2052,0.5856
RE1,DEMTRACARGSL,2053,0.4681
RE1,DEMTRACARGSL,2054,0.351
RE1,DEMTRACARGSL,2055,0.2343
RE1,DEMTRACARGSL,2056,0.1181
RE1,DEMTRACARGSL,2057,0.0023
RE1,DEMTRABUSGSL,2015,0.3982
RE1,DEMTRABUSGSL,2016,0.4195
RE1,DEMTRABUSGSL,2017,0.442
RE1,DEMTRABUSGSL,2018,0.4656
RE1,DEMTRABUSGSL,2019,0.4906
RE1,DEMTRABUSGSL,2020,0.5168
RE1,DEMTRABUSGSL,2021,0.7167
RE1,DEMTRABUSGSL,2022,0.7167
RE1,DEMTRABUSGSL,2023,0.7167
RE1,DEMTRABUSGSL,2024,0.7167
RE1,DEMTRABUSGSL,2025,0.7167
RE1,DEMTRABUSGSL,2026,0.7167
RE1,DEMTRABUSGSL,2027,0.7167
RE1,DEMTRABUSGSL,2028,0.7167
RE1,DEMTRABUSGSL,2029,0.7167
RE1,DEMTRABUSGSL,2030,1.6757
RE1,DEMTRABUSGSL,2031,1.9506
RE1,DEMTRABUSGSL,2032,1.9506
RE1,DEMTRABUSGSL,2033,1.9506
RE1,DEMTRABUSGSL,2034,1.9506
RE1,DEMTRABUSGSL,2035,1.5524
RE1,DEMTRABUSGSL,2036,1.5311
RE1,DEMTRABUSGSL,2037,1.5087
RE1,DEMTRABUSGSL,2038,1.485
RE1,DEMTRABUSGSL,2039,1.4601
RE1,DEMTRABUSGSL,2040,1.4338
RE1,DEMTRABUSGSL,2041,1.2339
RE1,DEMTRABUSGSL,2042,1.2339
RE1,DEMTRABUSGSL,2043,1.2339
RE1,DEMTRABUSGSL,2044,1.2339
RE1,DEMTRABUSGSL,2045,1.2339
RE1,DEMTRABUSGSL,2046,1.2339
RE1,DEMTRABUSGSL,2047,1.2339
RE1,DEMTRABUSGSL,2048,1.2339
RE1,DEMTRABUSGSL,2049,1.2339
RE1,DEMTRABUSGSL,2050,0.2749
RE1,DEMINDELC,2015,0.5339
RE1,DEMINDELC,2016,0.5518
RE1,DEMINDELC,2017,0.5727
RE1,DEMINDELC,2018,0.5888
RE1,DEMINDELC,2019,0.5888
RE1,DEMINDELC,2020,0.5888
RE1,DEMINDELC,2021,0.5888
RE1,DEMINDELC,2022,0.612
RE1,DEMINDELC,2023,0.6569
RE1,DEMINDELC,2024,0.705
RE1,DEMINDELC,2025,0.7565
RE1,DEMINDELC,2026,0.8108
RE1,DEMINDELC,2027,0.8688
RE1,DEMINDELC,2028,0.9309
RE1,DEMINDELC,2029,0.9974
RE1,DEMINDELC,2030,1.0685
RE1,DEMINDELC,2031,1.2481
RE1,DEMINDELC,2032,1.3257
RE1,DEMINDELC,2033,1.4099
RE1,DEMINDELC,2034,1.5009
RE1,DEMINDELC,2035,1.6719
RE1,DEMINDELC,2036,1.8061
RE1,DEMINDELC,2037,1.9508
RE1,DEMINDELC,2038,2.1068
RE1,DEMINDELC,2039,2.2748
RE1,DEMINDELC,2040,2.5328
RE1,DEMINDELC,2041,2.6923
RE1,DEMINDELC,2042,2.8616
RE1,DEMINDELC,2043,3.0411
RE1,DEMINDELC,2044,3.2316
RE1,DEMINDELC,2045,3.4337
RE1,DEMINDELC,2046,3.6326
RE1,DEMINDELC,2047,3.8437
RE1,DEMINDELC,2048,4.0678
RE1,DEMINDELC,2049,4.3057
RE1,DEMINDELC,2050,4.5581
RE1,DEMINDELC,2051,4.7149
RE1,DEMINDELC,2052,4.8771
RE1,DEMINDELC,2053,5.0448
RE1,DEMINDELC,2054,5.2183
RE1,DEMINDELC,2055,5.3978
RE1,DEMINDELC,2056,5.5834
RE1,DEMINDELC,2057,5.7753
RE1,DEMINDELC,2058,5.9739
RE1,DEMINDELC,2059,6.1792
RE1,DEMINDELC,2060,6.3917
RE1,DEMINDELC,2061,6.5438
RE1,DEMINDELC,2062,6.6995
RE1,DEMINDELC,2063,6.859
RE1,DEMINDELC,2064,7.0222
RE1,DEMINDELC,2065,7.1894
RE1,DEMINDELC,2066,7.3605
RE1,DEMINDELC,2067,7.5358
RE1,DEMINDELC,2068,7.7152
RE1,DEMINDELC,2069,7.899
RE1,DEMINDELC,2070,8.0871
RE1,DEMINDHECOA,2015,0.2093
RE1,DEMINDHECOA,2016,0.2205
RE1,DEMINDHECOA,2017,0.2323
RE1,DEMINDHECOA,2018,0.2448
RE1,DEMINDHECOA,2019,0.2579
RE1,DEMINDHECOA,2020,0.2717
RE1,DEMINDHECOA,2021,0.2821
RE1,DEMINDHECOA,2022,0.2929
RE1,DEMINDHECOA,2023,0.3039
RE1,DEMINDHECOA,2024,0.3154
RE1,DEMINDHECOA,2025,0.3271
RE1,DEMINDHECOA,2026,0.339
RE1,DEMINDHECOA,2027,0.3512
RE1,DEMINDHECOA,2028,0.3638
RE1,DEMINDHECOA,2029,0.3768
RE1,DEMINDHECOA,2030,0.3902
RE1,DEMINDHECOA,2031,0.3962
RE1,DEMINDHECOA,2032,0.4029
RE1,DEMINDHECOA,2033,0.4101
RE1,DEMINDHECOA,2034,0.4179
RE1,DEMINDHECOA,2035,0.4455
RE1,DEMINDHECOA,2036,0.4607
RE1,DEMINDHECOA,2037,0.4763
RE1,DEMINDHECOA,2038,0.4923
RE1,DEMINDHECOA,2039,0.5088
RE1,DEMINDHECOA,2040,0.5258
RE1,DEMINDHECOA,2041,0.5394
RE1,DEMINDHECOA,2042,0.5532
RE1,DEMINDHECOA,2043,0.5674
RE1,DEMINDHECOA,2044,0.5818
RE1,DEMINDHECOA,2045,0.5965
RE1,DEMINDHECOA,2046,0.609
RE1,DEMINDHECOA,2047,0.6218
RE1,DEMINDHECOA,2048,0.6351
RE1,DEMINDHECOA,2049,0.6487
RE1,DEMINDHECOA,2050,0.6626
RE1,DEMINDHECOA,2051,0.6736
RE1,DEMINDHECOA,2052,0.6846
RE1,DEMINDHECOA,2053,0.6959
RE1,DEMINDHECOA,2054,0.7073
RE1,DEMINDHECOA,2055,0.719
RE1,DEMINDHECOA,2056,0.7308
RE1,DEMINDHECOA,2057,0.7428
RE1,DEMINDHECOA,2058,0.755
RE1,DEMINDHECOA,2059,0.7674
RE1,DEMINDHECOA,2060,0.78
RE1,DEMINDHECOA,2061,0.7902
RE1,DEMINDHECOA,2062,0.8005
RE1,DEMINDHECOA,2063,0.811
RE1,DEMINDHECOA,2064,0.8216
RE1,DEMINDHECOA,2065,0.8323
RE1,DEMINDHECOA,2066,0.8432
RE1,DEMINDHECOA,2067,0.8542
RE1,DEMINDHECOA,2068,0.8653
RE1,DEMINDHECOA,2069,0.8766
RE1,DEMINDHECOA,2070,0.8881
RE1,DEMINDHEBIO,2015,0.0363
RE1,DEMINDHEBIO,2016,0.0363
RE1,DEMINDHEBIO,2017,0.1385
RE1,DEMINDHEBIO,2018,0.2407
RE1,DEMINDHEBIO,2019,0.3428
RE1,DEMINDHEBIO,2020,0.445
RE1,DEMINDHEBIO,2021,0.4506
RE1,DEMINDHEBIO,2022,0.4562
RE1,DEMINDHEBIO,2023,0.4617
RE1,DEMINDHEBIO,2024,0.4672
RE1,DEMINDHEBIO,2025,0.4727
RE1,DEMINDHEBIO,2026,0.4776
RE1,DEMINDHEBIO,2027,0.4826
RE1,DEMINDHEBIO,2028,0.4875
RE1,DEMINDHEBIO,2029,0.4925
RE1,DEMINDHEBIO,2030,0.4974
RE1,DEMINDHEBIO,2031,0.4974
RE1,DEMINDHEBIO,2032,0.4801
RE1,DEMINDHEBIO,2033,0.4725
RE1,DEMINDHEBIO,2034,0.4655
RE1,DEMINDHEBIO,2035,0.4799
RE1,DEMINDHEBIO,2036,0.4798
RE1,DEMINDHEBIO,2037,0.4796
RE1,DEMINDHEBIO,2038,0.4793
RE1,DEMINDHEBIO,2039,0.479
RE1,DEMINDHEBIO,2040,0.4786
RE1,DEMINDHEBIO,2041,0.4762
RE1,DEMINDHEBIO,2042,0.4737
RE1,DEMINDHEBIO,2043,0.4712
RE1,DEMINDHEBIO,2044,0.4687
RE1,DEMINDHEBIO,2045,0.4662
RE1,DEMINDHEBIO,2046,0.4662
RE1,DEMINDHEBIO,2047,0.4572
RE1,DEMINDHEBIO,2048,0.4529
RE1,DEMINDHEBIO,2049,0.4487
RE1,DEMINDHEBIO,2050,0.4447
RE1,DEMINDHEBIO,2051,0.4405
RE1,DEMINDHEBIO,2052,0.4363
RE1,DEMINDHEBIO,2053,0.4322
RE1,DEMINDHEBIO,2054,0.4281
RE1,DEMINDHEBIO,2055,0.4241
RE1,DEMINDHEBIO,2056,0.4215
RE1,DEMINDHEBIO,2057,0.419
RE1,DEMINDHEBIO,2058,0.4166
RE1,DEMINDHEBIO,2059,0.4141
RE1,DEMINDHEBIO,2060,0.4045
RE1,DEMINDHEBIO,2061,0.4045
RE1,DEMINDHEBIO,2062,0.3966
RE1,DEMINDHEBIO,2063,0.3927
RE1,DEMINDHEBIO,2064,0.3888
RE1,DEMINDHEBIO,2065,0.385
RE1,DEMINDHEBIO,2066,0.3837
RE1,DEMINDHEBIO,2067,0.3825
RE1,DEMINDHEBIO,2068,0.3813
RE1,DEMINDHEBIO,2069,0.3802
RE1,DEMINDHEBIO,2070,0.3792
RE1,DEMRESCKNELC,2041,0.0612
RE1,DEMRESCKNELC,2042,0.0638
RE1,DEMRESCKNELC,2043,0.0663
RE1,DEMRESCKNELC,2044,0.0663
RE1,DEMRESCKNELC,2045,0.0663
RE1,DEMRESCKNELC,2046,0.2649
RE1,DEMRESCKNELC,2047,0.2969
RE1,DEMRESCKNELC,2048,0.3212
RE1,DEMRESCKNELC,2049,0.3472
RE1,DEMRESCKNELC,2050,0.4346
RE1,DEMRESCKNELC,2051,0.4509
RE1,DEMRESCKNELC,2052,0.4732
RE1,DEMRESCKNELC,2053,0.4939
RE1,DEMRESCKNELC,2054,0.5154
RE1,DEMRESCKNELC,2055,0.5375
RE1,DEMRESCKNELC,2056,0.5604
RE1,DEMRESCKNELC,2057,0.5841
RE1,DEMRESCKNELC,2058,0.6082
RE1,DEMRESCKNELC,2059,0.6335
RE1,DEMRESCKNELC,2060,0.6579
RE1,DEMRESCKNELC,2061,0.6766
RE1,DEMRESCKNELC,2062,0.6815
RE1,DEMRESCKNELC,2063,0.6853
RE1,DEMRESCKNELC,2064,0.6889
RE1,DEMRESCKNELC,2065,0.6997
RE1,DEMRESCKNELC,2066,0.7136
RE1,DEMRESCKNELC,2067,0.6579
RE1,DEMRESCKNELC,2068,0.6094
RE1,DEMRESCKNELC,2069,0.5583
RE1,DEMRESCKNELC,2070,0.4463
RE1,DEMRESCKNBIO,2015,0.1372
RE1,DEMRESCKNBIO,2016,0.1373
RE1,DEMRESCKNBIO,2017,0.5145
RE1,DEMRESCKNBIO,2018,0.8916
RE1,DEMRESCKNBIO,2019,1.2688
RE1,DEMRESCKNBIO,2020,1.646
RE1,DEMRESCKNBIO,2021,1.6669
RE1,DEMRESCKNBIO,2022,1.6876
RE1,DEMRESCKNBIO,2023,1.7082
RE1,DEMRESCKNBIO,2024,1.7286
RE1,DEMRESCKNBIO,2025,1.749
RE1,DEMRESCKNBIO,2026,1.7674
RE1,DEMRESCKNBIO,2027,1.7859
RE1,DEMRESCKNBIO,2028,1.8043
RE1,DEMRESCKNBIO,2029,1.8228
RE1,DEMRESCKNBIO,2030,1.8412
RE1,DEMRESCKNBIO,2031,1.8203
RE1,DEMRESCKNBIO,2032,1.7996
RE1,DEMRESCKNBIO,2033,1.779
RE1,DEMRESCKNBIO,2034,1.7586
RE1,DEMRESCKNBIO,2035,1.7773
RE1,DEMRESCKNBIO,2036,1.7771
RE1,DEMRESCKNBIO,2037,1.7766
RE1,DEMRESCKNBIO,2038,1.7758
RE1,DEMRESCKNBIO,2039,1.7748
RE1,DEMRESCKNBIO,2040,1.7736
RE1,DEMRESCKNBIO,2041,1.7736
RE1,DEMRESCKNBIO,2042,1.7736
RE1,DEMRESCKNBIO,2043,1.7736
RE1,DEMRESCKNBIO,2044,1.7736
RE1,DEMRESCKNBIO,2045,1.725
RE1,DEMRESCKNBIO,2046,1.7066
RE1,DEMRESCKNBIO,2047,1.6592
RE1,DEMRESCKNBIO,2048,1.6405
RE1,DEMRESCKNBIO,2049,1.622
RE1,DEMRESCKNBIO,2050,1.5962
RE1,DEMRESCKNBIO,2051,1.5962
RE1,DEMRESCKNBIO,2052,1.5962
RE1,DEMRESCKNBIO,2053,1.5962
RE1,DEMRESCKNBIO,2054,1.5962
RE1,DEMRESCKNBIO,2055,1.5083
RE1,DEMRESCKNBIO,2056,1.5083
RE1,DEMRESCKNBIO,2057,1.4735
RE1,DEMRESCKNBIO,2058,1.4562
RE1,DEMRESCKNBIO,2059,1.4388
RE1,DEMRESCKNBIO,2060,1.4217
RE1,DEMRESCKNBIO,2061,1.4217
RE1,DEMRESCKNBIO,2062,1.4217
RE1,DEMRESCKNBIO,2063,1.4217
RE1,DEMRESCKNBIO,2064,1.4217
RE1,DEMRESCKNBIO,2065,1.382
RE1,DEMRESCKNBIO,2066,1.382
RE1,DEMRESCKNBIO,2067,1.3235
RE1,DEMRESCKNBIO,2068,1.3161
RE1,DEMRESCKNBIO,2069,1.3092
RE1,DEMRESCKNBIO,2070,1.3303
RE1,DEMRESHEBIO,2015,0.0588
RE1,DEMRESHEBIO,2016,0.0588
RE1,DEMRESHEBIO,2017,0.2205
RE1,DEMRESHEBIO,2018,0.3821
RE1,DEMRESHEBIO,2019,0.5438
RE1,DEMRESHEBIO,2020,0.7054
RE1,DEMRESHEBIO,2021,0.7144
RE1,DEMRESHEBIO,2022,0.7233
RE1,DEMRESHEBIO,2023,0.7321
RE1,DEMRESHEBIO,2024,0.7408
RE1,DEMRESHEBIO,2025,0.7496
RE1,DEMRESHEBIO,2026,0.7575
RE1,DEMRESHEBIO,2027,0.7654
RE1,DEMRESHEBIO,2028,0.7733
RE1,DEMRESHEBIO,2029,0.7812
RE1,DEMRESHEBIO,2030,0.7891
RE1,DEMRESHEBIO,2031,0.789
RE1,DEMRESHEBIO,2032,0.7617
RE1,DEMRESHEBIO,2033,0.7498
RE1,DEMRESHEBIO,2034,0.7388
RE1,DEMRESHEBIO,2035,0.7617
RE1,DEMRESHEBIO,2036,0.7616
RE1,DEMRESHEBIO,2037,0.7614
RE1,DEMRESHEBIO,2038,0.7611
RE1,DEMRESHEBIO,2039,0.7606
RE1,DEMRESHEBIO,2040,0.7601
RE1,DEMRESHEBIO,2041,0.7564
RE1,DEMRESHEBIO,2042,0.7527
RE1,DEMRESHEBIO,2043,0.7488
RE1,DEMRESHEBIO,2044,0.7449
RE1,DEMRESHEBIO,2045,0.741
RE1,DEMRESHEBIO,2046,0.741
RE1,DEMRESHEBIO,2047,0.727
RE1,DEMRESHEBIO,2048,0.7203
RE1,DEMRESHEBIO,2049,0.7137
RE1,DEMRESHEBIO,2050,0.7074
RE1,DEMRESHEBIO,2051,0.7008
RE1,DEMRESHEBIO,2052,0.6943
RE1,DEMRESHEBIO,2053,0.6879
RE1,DEMRESHEBIO,2054,0.6815
RE1,DEMRESHEBIO,2055,0.6752
RE1,DEMRESHEBIO,2056,0.671
RE1,DEMRESHEBIO,2057,0.6669
RE1,DEMRESHEBIO,2058,0.6628
RE1,DEMRESHEBIO,2059,0.6588
RE1,DEMRESHEBIO,2060,0.6446
RE1,DEMRESHEBIO,2061,0.6446
RE1,DEMRESHEBIO,2062,0.6322
RE1,DEMRESHEBIO,2063,0.6261
RE1,DEMRESHEBIO,2064,0.6201
RE1,DEMRESHEBIO,2065,0.6142
RE1,DEMRESHEBIO,2066,0.6118
RE1,DEMRESHEBIO,2067,0.6096
RE1,DEMRESHEBIO,2068,0.6076
RE1,DEMRESHEBIO,2069,0.6056
RE1,DEMRESHEBIO,2070,0.6038
RE1,DEMCOMHEBIO,2015,0.0042
RE1,DEMCOMHEBIO,2016,0.0044
RE1,DEMCOMHEBIO,2017,0.0046
RE1,DEMCOMHEBIO,2018,0.0049
RE1,DEMCOMHEBIO,2019,0.0051
RE1,DEMCOMHEBIO,2020,0.0054
RE1,DEMCOMHEBIO,2021,0.0056
RE1,DEMCOMHEBIO,2022,0.0058
RE1,DEMCOMHEBIO,2023,0.0061
RE1,DEMCOMHEBIO,2024,0.0063
RE1,DEMCOMHEBIO,2025,0.0065
RE1,DEMCOMHEBIO,2026,0.0068
RE1,DEMCOMHEBIO,2027,0.007
RE1,DEMCOMHEBIO,2028,0.0073
RE1,DEMCOMHEBIO,2029,0.0075
RE1,DEMCOMHEBIO,2030,0.0078
RE1,DEMCOMHEBIO,2031,0.0079
RE1,DEMCOMHEBIO,2032,0.008
RE1,DEMCOMHEBIO,2033,0.0082
RE1,DEMCOMHEBIO,2034,0.0083
RE1,DEMCOMHEBIO,2035,0.0089
RE1,DEMCOMHEBIO,2036,0.0092
RE1,DEMCOMHEBIO,2037,0.0095
RE1,DEMCOMHEBIO,2038,0.0098
RE1,DEMCOMHEBIO,2039,0.0102
RE1,DEMCOMHEBIO,2040,0.0105
RE1,DEMCOMHEBIO,2041,0.0108
RE1,DEMCOMHEBIO,2042,0.011
RE1,DEMCOMHEBIO,2043,0.0113
RE1,DEMCOMHEBIO,2044,0.0116
RE1,DEMCOMHEBIO,2045,0.0119
RE1,DEMCOMHEBIO,2046,0.0122
RE1,DEMCOMHEBIO,2047,0.0124
RE1,DEMCOMHEBIO,2048,0.0127
RE1,DEMCOMHEBIO,2049,0.0129
RE1,DEMCOMHEBIO,2050,0.0132
RE1,DEMCOMHEBIO,2051,0.0134
RE1,DEMCOMHEBIO,2052,0.0137
RE1,DEMCOMHEBIO,2053,0.0139
RE1,DEMCOMHEBIO,2054,0.0141
RE1,DEMCOMHEBIO,2055,0.0143
RE1,DEMCOMHEBIO,2056,0.0146
RE1,DEMCOMHEBIO,2057,0.0148
RE1,DEMCOMHEBIO,2058,0.0151
RE1,DEMCOMHEBIO,2059,0.0153
RE1,DEMCOMHEBIO,2060,0.0156
RE1,DEMCOMHEBIO,2061,0.0158
RE1,DEMCOMHEBIO,2062,0.016
RE1,DEMCOMHEBIO,2063,0.0162
RE1,DEMCOMHEBIO,2064,0.0164
RE1,DEMCOMHEBIO,2065,0.0166
RE1,DEMCOMHEBIO,2066,0.0168
RE1,DEMCOMHEBIO,2067,0.017
RE1,DEMCOMHEBIO,2068,0.0173
RE1,DEMCOMHEBIO,2069,0.0175
RE1,DEMCOMHEBIO,2070,0.0177
RE1,TEC087,2015,0.1359
RE1,TEC087,2016,0.1189
RE1,TEC087,2017,0.173
RE1,TEC087,2018,0.1109
RE1,TEC087,2019,0.0955
RE1,TEC087,2020,0.0582
RE1,TEC087,2021,0.2229
RE1,TEC087,2022,0.3982
RE1,TEC087,2023,0.6433
RE1,TEC087,2024,0.8128
RE1,TEC087,2025,1.475
RE1,TEC087,2026,1.5269
RE1,TEC087,2027,1.5756
RE1,TEC087,2028,1.7968
RE1,TEC087,2029,1.8744
RE1,TEC087,2030,1.9564
RE1,TEC087,2031,2.0191
RE1,TEC087,2032,2.0873
RE1,TEC087,2033,2.1548
RE1,TEC087,2034,2.2348
RE1,TEC087,2035,2.8101
RE1,TEC087,2036,2.9675
RE1,TEC087,2037,3.1353
RE1,TEC087,2038,3.3142
RE1,TEC087,2039,3.5051
RE1,TEC087,2040,3.6769
RE1,TEC087,2041,3.8217
RE1,TEC087,2042,3.9741
RE1,TEC087,2043,4.1234
RE1,TEC087,2044,4.3079
RE1,TEC087,2045,4.551
RE1,TEC087,2046,4.6811
RE1,TEC087,2047,4.9846
RE1,TEC087,2048,5.1941
RE1,TEC087,2049,5.4154
RE1,TEC087,2050,7.1641
RE1,TEC087,2051,7.774
RE1,TEC087,2052,8.1762
RE1,TEC087,2053,8.5838
RE1,TEC087,2054,8.9969
RE1,TEC087,2055,9.4158
RE1,TEC087,2056,9.8405
RE1,TEC087,2057,10.2714
RE1,TEC087,2058,10.4973
RE1,TEC087,2059,10.7402
RE1,TEC087,2060,10.9618
RE1,TEC087,2061,11.2731
RE1,TEC087,2062,11.6074
RE1,TEC087,2063,11.8528
RE1,TEC087,2064,12.0975
RE1,TEC087,2065,12.2594
RE1,TEC087,2066,12.5231
RE1,TEC087,2067,12.7186
RE1,TEC087,2068,13.0066
RE1,TEC087,2069,13.6559
RE1,TEC087,2070,13.7376
